ABA,ABIA,ABA,0,DIRECT,Aba Hub
ABACHA,ANAMBRA,ONA,+2,FD,Onitsha Hub
ABAGANA,ANAMBRA,ONA,+1,FD,Onitsha Hub
ABAJI,FCT,ABV,+1,FD,Abuja Hub
ABAK,AKWA IBOM,UYO,+1,FC,Uyo Hub
ABAKALIKI,EBONYI,AKK,0,DIRECT,Enugu Hub
ABAKPA,KADUNA,KAD,0,DIRECT,Kaduna Hub
ABAKPA NIKE,ENUGU,ENU,0,DIRECT,Enugu Hub
ABALA,ABIA,ABA,+1,FD,Aba Hub
ABATATE,ANAMBRA,ONA,+1,FD,Onitsha Hub
ABAVAIN,BAYELSA,YEN,+2,FE,PH Hub
ABAVO,DELTA,WRI,+1,FC,Warri Hub
ABBA,ANAMBRA,ONA,+1,FC,Onitsha Hub
ABBI,DELTA,WRI,+2,FH,Warri Hub
ABEJUKOLO,KOGI,LKJ,+3,FH,
ABEOKUTA,OGUN,ABK,0,DIRECT,Abeokuta Hub
ABI,CROSS RIVER,CBQ,+2,FZ2,Calabar Hub
ABIJO,LAGOS,LAS,+1,FE,Lagos Hub
ABIRIBA,ABIA,ABA,+1,FD,Aba Hub
ABO MBAISE,IMO,ORI,+1,FC,Owerri Hub
ABONEMA,RIVERS,PHC,+1,FE,PH Hub
ABOR,ENUGU,ENU,+1,FE,Enugu Hub
ABRAKA,DELTA,WRI,+1,FC,Warri Hub
ABUA/ODUAL,RIVERS,PHC,+1,FE,PH Hub
ABUDU,EDO,BNI,+1,FD,Benin Hub
ABUGI,FCT,ABV,+1,FD,Abuja Hub
ABUJA,FCT,ABV,0,DIRECT,Abuja Hub
ABULE EGBA,LAGOS,LOS,0,DIRECT,Lagos Hub
ABUMET/ KADO,FCT,ABV,0,DIRECT,Abuja Hub
ACHA,ABIA,ABA,+1,FD,Aba Hub
ACHALLA,ANAMBRA,ONA,+1,FD,Onitsha Hub
ACHI,ENUGU,ENU,+1,FG,Enugu Hub
ACHIDA,SOKOTO,SKO,+1,FD,Sokoto Hub
ACHINA,ANAMBRA,ONA,+1,FD,Onitsha Hub
ADA,OSUN,OSG,0,FD,Osogbo Hub
ADAGBABIRI,BAYELSA,YEN,+2,FJ,PH Hub
ADANI,ENUGU,ENU,+1,FH,Enugu Hub
ADAZI-ANI,ANAMBRA,ONA,+1,FB,Onitsha Hub
ADAZI-ENU,ANAMBRA,ONA,+1,FB,Onitsha Hub
ADAZI-NUKWU,ANAMBRA,ONA,+1,FB,Onitsha Hub
ADEKUNLE,LAGOS,LOS,0,DIRECT,Lagos Hub
ADO,LAGOS,LAS,0,FC,Lagos Hub
ADO AWAYE,OYO,IBA,+1,FE,Ibadan Hub
ADO-EKITI,ONDO,AKR,0,DIRECT,Akure Hub
ADOGI,NASARAWA,LAF,0,FB,Abuja Hub
ADOGO,KOGI,LKJ,+3,FH,
ADOMOJO,LAGOS,LAS,+1,FZ2,Lagos Hub
ADO-ODO,OGUN,ABK,+1,FD,Abeokuta Hub
ADUDU,NASARAWA,LAF,+1,FC,Abuja Hub
ADUNU,NIGER,MNA,+1,FE,Minna Hub
AFAHA NSIT,AKWA IBOM,UYO,+1,FD,Uyo Hub
AFAM,RIVERS,PHC,+1,FD,PH Hub
AFARA,ABIA,ABA,0,DIRECT,Aba Hub
AFFA,ENUGU,ENU,+1,FG,Enugu Hub
AFIKPO,EBONYI,AKK,+1,FE,Enugu Hub
AFUGIRI,ABIA,ABA,+1,FA,Aba Hub
AFUZE,EDO,BNI,+2,FG,Benin Hub
AGAIE,NIGER,MNA,+1,FE,Minna Hub
AGAWARA,NIGER,MNA,+2,FF,Minna Hub
AGBADO-EKITI,ONDO,AKR,+3,FE,Akure Hub
AGBALA,IMO,ORI,0,FB,Owerri Hub
AGBANI ROAD,ENUGU,ENU,0,DIRECT,Enugu Hub
AGBANI TOWN,ENUGU,ENU,+1,FD,Enugu Hub
AGBARA,OGUN,ABK,0,DIRECT,Abeokuta Hub
AGBARA OTOR,DELTA,WRI,+1,FC,Warri Hub
AGBARHO,DELTA,WRI,+1,FA,Warri Hub
AGBEDE,EDO,BNI,+2,FE,Benin Hub
AGBOR,DELTA,WRI,+1,FE,Warri Hub
AGBOWA,LAGOS,LAS,+1,FZ2,Lagos Hub
AGEGE,LAGOS,LOS,0,DIRECT,Lagos Hub
AGENEBODE,EDO,BNI,+3,FH,Benin Hub
AGHALOKPE,DELTA,WRI,+1,FC,Warri Hub
AGO AMODU,OYO,IBA,+1,FE,Ibadan Hub
AGODO,LAGOS,LOS,0,DIRECT,Lagos Hub
AGO-IWOYE,OGUN,ABK,+1,FD,Abeokuta Hub
AGUATA,ANAMBRA,ONA,+1,FC,Onitsha Hub
AGUDA,LAGOS,LOS,0,DIRECT,Lagos Hub
AGULERI,ANAMBRA,ONA,+1,FD,Onitsha Hub
AGULU,ANAMBRA,ONA,+1,FC,Onitsha Hub
AGULU UZIGBO,ANAMBRA,ONA,+1,FC,Onitsha Hub
AGWADA,NASARAWA,LAF,+1,FZ2,Abuja Hub
AGWASHI,NASARAWA,LAF,+1,FH,Abuja Hub
AGWATASHI,NASARAWA,LAF,+1,FC,Abuja Hub
AGYARAGU,NASARAWA,LAF,0,FB,Abuja Hub
AHIAZU MBAISE,IMO,ORI,+1,FC,Owerri Hub
AHIEKE,ABIA,ABA,+1,FA,Aba Hub
AHOADA EAST,RIVERS,PHC,+2,FE,PH Hub
AISEGBA-EKITI,ONDO,AKR,+3,FE,Akure Hub
AIYEPEREMO,OGUN,ABK,+1,FC,Abeokuta Hub
AIYETORO,KWARA,ILR,+2,FZ4,Ilorin Hub
AJAGBAODUDU,DELTA,WRI,+1,FB,Warri Hub
AJAH,LAGOS,LAS,0,FB,Lagos Hub
AJALI,ANAMBRA,ONA,+1,FD,Onitsha Hub
AJAOKUTA,KOGI,LKJ,+1,FE,
AJASE IPO,KWARA,ILR,+1,FC,Ilorin Hub
AJAWA,OYO,IBA,+1,FE,Ibadan Hub
AJEGUNLE,LAGOS,LOS,0,DIRECT,Lagos Hub
AJEROMI,LAGOS,LOS,0,DIRECT,Lagos Hub
AJI,ENUGU,ENU,+1,FE,Enugu Hub
AJILETE,OGUN,ABK,+1,FD,Abeokuta Hub
AJINGI,KANO,KAN,+1,FD,Kano Hub
AJIRAN,LAGOS,LAS,0,FC,Lagos Hub
AJIWA,KATSINA,KAS,+1,FC,Kano Hub
AKABO,IMO,ORI,+1,FA,Owerri Hub
AKAKA REMO,OGUN,ABK,+1,FE,Abeokuta Hub
AKAMKPA,CROSS RIVER,CBQ,0,FD,Calabar Hub
AKANRAN,OYO,IBA,+1,FD,Ibadan Hub
AKASA,BAYELSA,YEN,+3,FZ13,PH Hub
AKATA,IMO,ORI,+1,FB,Owerri Hub
AKENIMA AHOADA WEST,RIVERS,PHC,+2,FH,PH Hub
AKILI OZIZA,ANAMBRA,ONA,+1,FH,Onitsha Hub
AKIRIBOTO,OSUN,OSG,0,FB,Osogbo Hub
AKIRIKA,ABIA,ABA,+1,FD,Aba Hub
AKKO,BAUCHI,BAU,+1,FC,Bauchi Hub
AKODO,LAGOS,LAS,+1,FZ2,Lagos Hub
AKOKA,LAGOS,LOS,0,DIRECT,Lagos Hub
AKOKWA,IMO,ORI,+2,FD,Owerri Hub
AKOR,ANAMBRA,ONA,+2,FC,Onitsha Hub
AKPABUYO,CROSS RIVER,CBQ,0,FD,Calabar Hub
AKPAKWUME,ENUGU,ENU,+1,FG,Enugu Hub
AKPO,ANAMBRA,ONA,+2,FC,Onitsha Hub
AKPOF,ENUGU,ENU,+1,FI,Enugu Hub
AKPOGA NIKE,ENUGU,ENU,+1,FD,Enugu Hub
AKU,ENUGU,ENU,+1,FE,Enugu Hub
AKUKU OBA,ANAMBRA,ONA,+1,FB,Onitsha Hub
AKUMAZI,DELTA,WRI,+1,FE,Warri Hub
AKUNGBA AKOKO,ONDO,AKR,+2,FE,Akure Hub
AKURE,ONDO,AKR,0,DIRECT,Akure Hub
AKUTE,OGUN,ABK,+1,FC,Abeokuta Hub
AKWANGA,NASARAWA,LAF,+1,FZ2,Abuja Hub
AKWA-UKWU,ANAMBRA,ONA,+1,FB,Onitsha Hub
AKWA-UKWU-IGBO,DELTA,WRI,+2,FE,Warri Hub
AKWETE,ABIA,ABA,+1,FD,Aba Hub
AKWU OHA,DELTA,WRI,+1,FC,Warri Hub
ALABA,LAGOS,LOS,0,DIRECT,Lagos Hub
ALADJA,DELTA,WRI,0,FA,Warri Hub
ALAGBA,LAGOS,LOS,0,DIRECT,Lagos Hub
ALAKA,LAGOS,LOS,0,DIRECT,Lagos Hub
ALAYI,ABIA,ABA,+1,FD,Aba Hub
ALBASU,KANO,KAN,+1,FB,Kano Hub
ALEBENE,BAYELSA,YEN,+2,FZ13,PH Hub
ALEIBIRI,BAYELSA,YEN,+2,FZ11,PH Hub
ALIERU,SOKOTO,BRK,+1,FE,Sokoto Hub
ALIMOSHO,LAGOS,LOS,0,DIRECT,Lagos Hub
ALKALERI,BAUCHI,BAU,+1,FD,Bauchi Hub
ALLOMA,KOGI,LKJ,+2,FH,
ALOR,ANAMBRA,ONA,+1,FC,Onitsha Hub
ALULU-NIKE,ENUGU,ENU,+1,FD,Enugu Hub
AMACHI NSULU,ABIA,ABA,+1,FD,Aba Hub
AMAESE,ANAMBRA,ONA,+1,FD,Onitsha Hub
AMAIFEKE,IMO,ORI,+1,FC,Owerri Hub
AMAIGBO,IMO,ORI,+1,FC,Owerri Hub
AMAIMO,IMO,ORI,+1,FC,Owerri Hub
AMAKOFIA,ENUGU,ENU,+1,FE,Enugu Hub
AMAKU,NASARAWA,LAF,+2,FH,Abuja Hub
AMAKWU,ENUGU,ENU,+1,FE,Enugu Hub
AMANDUGBA,IMO,ORI,+1,FC,Owerri Hub
AMANSEA,ANAMBRA,ONA,+2,FE,Onitsha Hub
AMAOKPALA,ANAMBRA,ONA,+1,FD,Onitsha Hub
AMAOPARA,IMO,ORI,+1,FC,Owerri Hub
AMARA,ENUGU,ENU,+1,FH,Enugu Hub
AMARAKU,IMO,ORI,+1,FB,Owerri Hub
AMASSOMA,BAYELSA,YEN,+2,FZ2,PH Hub
AMAWBIA,ANAMBRA,ONA,+2,FC,Onitsha Hub
AMBURSA,KEBBI,BKK,0,FC,
AMECHI AWKNANAW,ENUGU,ENU,+1,FD,Enugu Hub
AMIKE ORLU,IMO,ORI,+1,FC,Owerri Hub
AMMA GUNZE,ENUGU,ENU,+1,FE,Enugu Hub
AMMACHALLA,ENUGU,ENU,+1,FE,Enugu Hub
AMMUGWU,ENUGU,ENU,+1,FD,Enugu Hub
AMOKPO-NIKE,ENUGU,ENU,+1,FD,Enugu Hub
AMORKA,ANAMBRA,ONA,+2,FC,Onitsha Hub
AMPER,PLATEAU,JOS,+2,FZ2,Jos Hub
AMUCHA,IMO,ORI,+1,FC,Owerri Hub
AMUFIE,ENUGU,ENU,+1,FE,Enugu Hub
AMUKOKO,LAGOS,LOS,0,DIRECT,Lagos Hub
AMUWO,LAGOS,LOS,0,DIRECT,Lagos Hub
AMUZARI,IMO,ORI,+1,FC,Owerri Hub
ANAWBIO,ANAMBRA,ONA,+2,FD,Onitsha Hub
ANDAHA,NASARAWA,LAF,+1,FZ2,Abuja Hub
ANDONI,RIVERS,PHC,+2,FZ6,PH Hub
ANGLO JOS,PLATEAU,JOS,0,DIRECT,Jos Hub
ANGWAN ZARIA,NASARAWA,LAF,+1,FH,Abuja Hub
ANGWARE,PLATEAU,JOS,+1,FE,Jos Hub
ANINRI,ENUGU,ENU,+1,FH,Enugu Hub
ANKA,ZAMFARA,GUS,+1,FD,Gusau Hub
ANTHONY,LAGOS,LOS,0,DIRECT,Lagos Hub
ANWAI,DELTA,WRI,+1,FC,Warri Hub
ANYANGBA,KOGI,LKJ,+2,FE,
APANI,RIVERS,PHC,+1,FD,PH Hub
APAPA,LAGOS,LOS,0,DIRECT,Lagos Hub
APAYAN,KOGI,LKJ,+3,FZ5,
APOMU,OSUN,OSG,+1,FC,Osogbo Hub
APONMU,ONDO,AKR,+1,FB,Akure Hub
ARAMOKO-EKITI,ONDO,AKR,+3,FE,Akure Hub
ARAROMI OBU,ONDO,AKR,+3,FE,Akure Hub
ARDUKOLA,TARABA,JAL,+1,FC,
AREWA DANDI,KEBBI,BKK,+1,FZ3,
ARGUNGU,KEBBI,BKK,+1,FD,
ARIAM,ABIA,ABA,+1,FC,Aba Hub
ARIGIDI AKOKO,ONDO,AKR,+3,FE,Akure Hub
AROCHUKWU,ABIA,ABA,+2,FE,Aba Hub
ARONDIZUOGU,IMO,ORI,+2,FD,Owerri Hub
ASA OBEHI,ABIA,ABA,+1,FD,Aba Hub
ASABA,DELTA,WRI,0,DIRECT,Warri Hub
ASCON,LAGOS,LOS,0,FD,Lagos Hub
ASEJIRE,OYO,IBA,0,FB,Ibadan Hub
ASHAKA,GOMBE,GOM,+1,FH,Gombe Hub
ASKIRA UBA,BORNO,MIU,+1,FZ6,Maiduguri Hub
ASO ROCK,FCT,ABV,0,DIRECT,Abuja Hub
ASOKORO,FCT,ABV,0,DIRECT,Abuja Hub
ATAN,OGUN,ABK,+1,FC,Abeokuta Hub
ATANI,ANAMBRA,ONA,+2,FD,Onitsha Hub
ATLAS COVE,LAGOS,LAS,0,FC,Lagos Hub
ATTA,IMO,ORI,0,FB,Owerri Hub
ATTISSA CLAN,BAYELSA,YEN,+1,FE,PH Hub
AUCHI,EDO,BNI,+2,FE,Benin Hub
AVUTU,IMO,ORI,+1,FC,Owerri Hub
AWADA OBOSI,ANAMBRA,ONA,0,FB,Onitsha Hub
AWAK,GOMBE,GOM,+1,FD,Gombe Hub
AWE,NASARAWA,LAF,+1,FE,Abuja Hub
AWE,PLATEAU,JOS,+1,FD,Jos Hub
AWGU,ENUGU,ENU,+1,FE,Enugu Hub
AWKA,ANAMBRA,ONA,+1,DIRECT,Onitsha Hub
AWKA-ETITI,ANAMBRA,ONA,+2,FB,Onitsha Hub
AWKUZU,ANAMBRA,ONA,+1,FC,Onitsha Hub
AWO-IDEMILI,IMO,ORI,+1,FC,Owerri Hub
AWO-OMAMA,IMO,ORI,0,FC,Owerri Hub
AYABA,GOMBE,GOM,+2,FE,Gombe Hub
AYAMA,BAYELSA,YEN,+2,FZ11,PH Hub
AYETORO EGBADO,OGUN,ABK,+1,FD,Abeokuta Hub
AYETORO-GBEDE,KOGI,LKJ,+2,FE,
AZARE,BAUCHI,BAU,+1,FZ2,Bauchi Hub
AZUIYI OLOKO,ABIA,ABA,+1,FC,Aba Hub
AZUMINI,ABIA,ABA,+1,FD,Aba Hub
AZUMINI ADOKO,ABIA,ABA,+1,FD,Aba Hub
BABALONMA,KWARA,ILR,+2,FZ6,Ilorin Hub
BABAM-BAM,GOMBE,GOM,+2,FM,Gombe Hub
BABANGIDA,YOBE,DAM,+1,FD,
BABARUGA,KATSINA,KAS,+1,FC,Kano Hub
BABURA,JIGAWA,DUT,+1,FC,Kano Hub
BACITA,KWARA,ILR,+1,FE,Ilorin Hub
BADAGRY EXPRESS,LAGOS,LOS,0,DIRECT,Lagos Hub
BADAGRY TOWN,LAGOS,LOS,0,FD,Lagos Hub
"BADEGGI, NCRI",NIGER,MNA,+1,FE,Minna Hub
BADIKO,KADUNA,KAD,0,DIRECT,Kaduna Hub
BADORE,LAGOS,LAS,0,FC,Lagos Hub
BADUME,KANO,KAN,+1,FC,Kano Hub
BAGA,BORNO,MIU,+1,FH,Maiduguri Hub
BAGANJE,GOMBE,GOM,+1,FF,Gombe Hub
BAGAUDA,KANO,KAN,+1,FB,Kano Hub
BAGUDU,KEBBI,BKK,+2,FZ3,
BAISSA/KURMI,TARABA,JAL,+3,FR,
BAJOGA,GOMBE,GOM,+2,FE,Gombe Hub
BAKASSI,CROSS RIVER,CBQ,+2,FJ,Calabar Hub
BAKORI,KATSINA,KAS,+1,FF,Kano Hub
BAKURA,ZAMFARA,GUS,+1,FD,Gusau Hub
BAKWARRA,CROSS RIVER,CBQ,+2,FZ5,Calabar Hub
BALANGA,GOMBE,GOM,+2,FM,Gombe Hub
BALI,TARABA,JAL,+2,FH,
BALOGUN MARKET,LAGOS,LAS,0,DIRECT,Lagos Hub
BAM BUR ,TARABA,JAL,+3,FZ10,
BAMA,BORNO,MIU,+1,FE,Maiduguri Hub
BANKI,BORNO,MIU,+1,FH,Maiduguri Hub
BARA,YOBE,DAM,+2,FZ5,
BARDAWA,KADUNA,KAD,0,DIRECT,Kaduna Hub
BARIGA,LAGOS,LOS,0,DIRECT,Lagos Hub
BARIKIN LADI,PLATEAU,JOS,+1,FD,Jos Hub
BARNAWA,KADUNA,KAD,0,DIRECT,Kaduna Hub
BASA,NASARAWA,LAF,+1,FH,Abuja Hub
BASAWA,KADUNA,KAD,+1,FA,Kaduna Hub
BASSA,PLATEAU,JOS,+1,FD,Jos Hub
BATAGARAWA,KATSINA,KAS,0,FC,Kano Hub
BATSARI,KATSINA,KAS,+1,FD,Kano Hub
BAUCHI,BAUCHI,BAU,0,DIRECT,Bauchi Hub
BAURE,KATSINA,KAS,+1,FE,Kano Hub
BAYARA,BAUCHI,BAU,0,FB,Bauchi Hub
BAYO,BORNO,MIU,+1,FZ5,Maiduguri Hub
BEJI,NIGER,MNA,+1,FC,Minna Hub
BELE,ADAMAWA,YOL,+1,FE,Yola Hub
BENDE,ABIA,ABA,+1,FD,Aba Hub
BENIN-CITY,EDO,BNI,0,DIRECT,Benin Hub
BIASE,CROSS RIVER,CBQ,+1,FD,Calabar Hub
BICHI,KANO,KAN,+1,FA,Kano Hub
BIDA,NIGER,MNA,+1,FE,Minna Hub
BILLIRI,GOMBE,GOM,+1,FE,Gombe Hub
BINCHI,PLATEAU,JOS,+1,FD,Jos Hub
BINDAWA,KATSINA,KAS,+1,FE,Kano Hub
BINJI,SOKOTO,SKO,+2,FE,Sokoto Hub
BIRNI GWARI,KADUNA,KAD,+1,FH,Kaduna Hub
BIRNIN KEBBI,KEBBI,BKK,0,DIRECT,
BIRNIN KUDU,JIGAWA,DUT,+1,FD,Kano Hub
BIRNIN MAGAJI,ZAMFARA,GUS,+1,FD,Gusau Hub
BIRNIN YAURI,KEBBI,BKK,+2,FI,
BIU,BORNO,MIU,+1,FH,Maiduguri Hub
BIWATER,NIGER,MNA,+1,FA,Minna Hub
BODE,OSUN,OSG,0,FC,Osogbo Hub
BODE SA'DU,KWARA,ILR,+1,FD,Ilorin Hub
BODIJA,OYO,IBA,0,DIRECT,Ibadan Hub
BODINGA,SOKOTO,SKO,+1,FC,Sokoto Hub
BODO,RIVERS,PHC,+1,FE,PH Hub
BOGORO,BAUCHI,BAU,+1,FZ2,Bauchi Hub
BOH,GOMBE,GOM,+2,FE,Gombe Hub
BOJE,CROSS RIVER,CBQ,+3,FG,Calabar Hub
BOJUDE,GOMBE,GOM,+1,FB,Gombe Hub
BOKKOS,PLATEAU,JOS,+2,FD,Jos Hub
BOKYI LGA,CROSS RIVER,CBQ,+2,FE,Calabar Hub
BOLORUNDURO,ONDO,AKR,+1,FB,Akure Hub
BOMADI,DELTA,WRI,+2,FJ,Warri Hub
BOMO CENTRAL,BAYELSA,YEN,+3,FR,PH Hub
BOMO EAST,BAYELSA,YEN,+3,FR,PH Hub
BONNY,RIVERS,PHC,+1,DIRECT,PH Hub
BORI,RIVERS,PHC,+1,FE,PH Hub
BOROKIRI,RIVERS,PHC,0,DIRECT,PH Hub
BORON,ADAMAWA,YOL,+1,FE,Yola Hub
BOSSO,NIGER,MNA,0,FA,Minna Hub
BRASS,BAYELSA,YEN,+3,FT,PH Hub
BRIGADE QUARTERS,KANO,KAN,0,DIRECT,Kano Hub
BUGUMA,RIVERS,PHC,+2,FE,PH Hub
BUKKUYU,ZAMFARA,GUS,+1,FD,Gusau Hub
BUKURU,PLATEAU,JOS,+1,FA,Jos Hub
BULASA,KEBBI,BKK,0,FC,
BUNGUDU,ZAMFARA,GUS,+1,FC,Gusau Hub
BUNI-YADI,YOBE,DAM,+1,FC,
BUNZA,KEBBI,BKK,+1,FE,
BURIA,GOMBE,GOM,+1,FD,Gombe Hub
BURUKU,KADUNA,KAD,+1,FE,Kaduna Hub
BWARI,FCT,ABV,0,FB,Abuja Hub
CALABAR,CROSS RIVER,CBQ,0,DIRECT,Calabar Hub
CALABAR SOUTH,CROSS RIVER,CBQ,0,DIRECT,Calabar Hub
CHACHANGI,TARABA,JAL,+3,FZ6,
CHALLAWA PHASE 1-3,KANO,KAN,0,DIRECT,Kano Hub
CHANCHANGA,NIGER,MNA,0,FA,Minna Hub
CHARANCHI,KATSINA,KAS,+1,FC,Kano Hub
CHEVRON,LAGOS,LAS,0,DIRECT,Lagos Hub
CHIBOK,BORNO,MIU,+2,FZ2,Maiduguri Hub
CHIKANDA,KWARA,ILR,+2,FZ11,Ilorin Hub
CHOBA,RIVERS,PHC,0,DIRECT,PH Hub
CHUKUN,KADUNA,KAD,+1,FE,Kaduna Hub
COKER VILLAGE,LAGOS,LOS,0,DIRECT,Lagos Hub
CORNER DANGORA,KANO,KAN,+1,FE,Kano Hub
CREEK TOWN,CROSS RIVER,CBQ,+1,FD,Calabar Hub
CROWN ESTATE,LAGOS,LAS,0,FC,Lagos Hub
DA KALE,KADUNA,KAD,+1,FA,Kaduna Hub
DADARA,KATSINA,KAS,+1,FE,Kano Hub
DADDARE,NASARAWA,LAF,0,FB,Abuja Hub
DADIN KOWA,GOMBE,GOM,+1,FD,Gombe Hub
DADIYA,GOMBE,GOM,+2,FE,Gombe Hub
DAKACHI,KADUNA,KAD,+1,FA,Kaduna Hub
DAMAGUN,YOBE,DAM,+1,FC,
DAMATURU,YOBE,DAM,0,DIRECT,
DAMBAM,BAUCHI,BAU,+1,FZ3,Bauchi Hub
DAMBATA,KANO,KAN,+1,FB,Kano Hub
DAMBOA,BORNO,MIU,+1,FD,Maiduguri Hub
DAMMARNA,KATSINA,KAS,+1,FB,Kano Hub
DANCHADI,ZAMFARA,GUS,+1,FZ2,Gusau Hub
DANDAGORO,KATSINA,KAS,+1,FB,Kano Hub
DANDUME,KATSINA,KAS,+1,FE,Kano Hub
DANGARA,FCT,ABV,+1,FB,Abuja Hub
DANGE,SOKOTO,SKO,+1,FC,Sokoto Hub
DANJA,KATSINA,KAS,+1,FE,Kano Hub
DANKAMA,KATSINA,KAS,+1,FD,Kano Hub
DANKO WASAGU,KEBBI,BKK,+2,FZ8,
DANMUSA,KATSINA,KAS,+1,FE,Kano Hub
DANZABUWA,KANO,KAN,+1,FD,Kano Hub
DAPCHI,BORNO,MIU,+1,FH,Maiduguri Hub
DAPCHI,YOBE,DAM,+1,FZ3,
DARAZO,BAUCHI,BAU,+1,FZ2,Bauchi Hub
DARKI,KANO,KAN,+1,FD,Kano Hub
DASS,BAUCHI,BAU,+1,FD,Bauchi Hub
DAURA,KATSINA,KAS,+1,FE,Kano Hub
DAWAKIN KUDU,KANO,KAN,+1,FD,Kano Hub
DAWAKIN TOFA,KANO,KAN,+1,FD,Kano Hub
DAWANAU,KANO,KAN,+1,FB,Kano Hub
DEBA,GOMBE,GOM,+2,FZ2,Gombe Hub
DEGEMA,RIVERS,PHC,+2,FE,PH Hub
DEI-DEI,FCT,ABV,0,FB,Abuja Hub
DEKINA,KOGI,LKJ,+3,FH,
DEMSA,ADAMAWA,YOL,0,FB,Yola Hub
DENGI,PLATEAU,JOS,+1,FH,Jos Hub
DIDAN MUTUMDAYA,KATSINA,KAS,+1,FD,Kano Hub
DIFA,GOMBE,GOM,+1,FC,Gombe Hub
DIKKO,NIGER,MNA,0,FA,Minna Hub
DIKWA,BORNO,MIU,+1,FE,Maiduguri Hub
DIOBU,RIVERS,PHC,0,DIRECT,PH Hub
DOGON DAJI,SOKOTO,SKO,+1,FD,Sokoto Hub
DOGOWA,KANO,KAN,+1,FD,Kano Hub
DOKA VILLAGE,KADUNA,KAD,0,FC,Kaduna Hub
DOKO,NIGER,MNA,+1,FE,Minna Hub
DOLE KAINA,KEBBI,BKK,+2,FF,
DOMA,NASARAWA,LAF,0,FB,Abuja Hub
DONGA,TARABA,JAL,+2,FZ8,
DOPEMU,LAGOS,LOS,0,DIRECT,Lagos Hub
DUCHI,PLATEAU,JOS,+1,FD,Jos Hub
DUDUGURU,NASARAWA,LAF,0,FB,Abuja Hub
DUGBE,OYO,IBA,0,DIRECT,Ibadan Hub
DUKKU,GOMBE,GOM,+2,FH,Gombe Hub
DUTSE,JIGAWA,DUT,0,DIRECT,Kano Hub
DUTSEN KURA,NIGER,MNA,0,FA,Minna Hub
DUTSEN SAFE,KATSINA,KAS,+1,FB,Kano Hub
DUTSI,KATSINA,KAS,+1,FE,Kano Hub
DUTSIMA,KATSINA,KAS,+1,FE,Kano Hub
EASTERN OBOLO,AKWA IBOM,UYO,+2,FE,Uyo Hub
EBELLE,EDO,BNI,+2,FE,Benin Hub
EBENATO,IMO,ORI,+1,FC,Owerri Hub
EBU,DELTA,WRI,+2,FE,Warri Hub
EBUTE,LAGOS,LOS,+1,FB,Lagos Hub
EBUTE METTA,LAGOS,LOS,0,DIRECT,Lagos Hub
EDATI,NIGER,MNA,+2,FI,Minna Hub
EDE,OSUN,OSG,0,FC,Osogbo Hub
EDE GEDE AKOKO,ONDO,AKR,+3,FE,Akure Hub
EDIDI,KWARA,ILR,+1,FD,Ilorin Hub
EDIENE ABAK,AKWA IBOM,UYO,+1,FC,Uyo Hub
EDUNABON,OSUN,OSG,+1,FC,Osogbo Hub
EFFON-AMURO,KWARA,ILR,+2,FI,Ilorin Hub
EFFURUN,DELTA,WRI,0,DIRECT,Warri Hub
EFON ALAYE,ONDO,AKR,+3,FE,Akure Hub
EGBA,EDO,BNI,+2,FD,Benin Hub
EGBE,KOGI,LKJ,+2,FZ3,
EGBE,KWARA,ILR,+2,FZ2,Ilorin Hub
EGBE,LAGOS,LOS,0,DIRECT,Lagos Hub
EGBEADA,IMO,ORI,0,FA,Owerri Hub
EGBEDA,LAGOS,LOS,0,DIRECT,Lagos Hub
EGBEDA,OYO,IBA,+1,FB,Ibadan Hub
EGBEMA,IMO,ORI,+2,FC,Owerri Hub
EGBE-OGUME,DELTA,WRI,+2,FH,Warri Hub
EGBIN,LAGOS,LOS,+1,FD,Lagos Hub
EGBU,IMO,ORI,0,FA,Owerri Hub
EGEDE,ENUGU,ENU,+1,FE,Enugu Hub
EGUME,KOGI,LKJ,+3,FH,
EHA AMUFU,ENUGU,ENU,+1,FH,Enugu Hub
EHIME MBANO,IMO,ORI,+1,FC,Owerri Hub
EHOR,EDO,BNI,+1,FD,Benin Hub
EJIGBO,LAGOS,LOS,0,DIRECT,Lagos Hub
EJIGBO,OSUN,OSG,+1,FE,Osogbo Hub
EJIOKU,OYO,IBA,+1,FD,Ibadan Hub
EJIRIN,LAGOS,LAS,+1,FZ2,Lagos Hub
EKAKPAMRE,DELTA,WRI,+1,FD,Warri Hub
EKE,ENUGU,ENU,0,FD,Enugu Hub
EKE AKPARA,ABIA,ABA,0,FA,Aba Hub
EKE ARO,ABIA,ABA,0,FA,Aba Hub
EKENWA,EDO,BNI,+1,FD,Benin Hub
EKEOBA,ABIA,ABA,+1,FB,Aba Hub
EKEREMO,BAYELSA,YEN,+2,FT,PH Hub
EKIADOLOR,EDO,BNI,+1,FD,Benin Hub
EKINRIN-ADE,,LKJ,+3,FE,
EKPAN,DELTA,WRI,0,DIRECT,Warri Hub
EKPARAKWA,AKWA IBOM,UYO,+1,FD,Uyo Hub
EKPOMA,EDO,BNI,+1,FD,Benin Hub
EKU,DELTA,WRI,+1,FC,Warri Hub
EKWULOBIA,ANAMBRA,ONA,+1,FD,Onitsha Hub
EKWULUMMIRI,ANAMBRA,ONA,+1,FC,Onitsha Hub
ELEBELE,BAYELSA,YEN,+2,FE,PH Hub
ELEKO,LAGOS,LAS,+1,FE,Lagos Hub
ELELE,RIVERS,PHC,+1,FD,PH Hub
ELELENWO,RIVERS,PHC,0,DIRECT,PH Hub
ELEME,RIVERS,PHC,+1,FC,PH Hub
ELETU,LAGOS,LAS,+1,FZ2,Lagos Hub
EMEABIAM,IMO,ORI,+1,FC,Owerri Hub
EMEKUKU,IMO,ORI,0,FA,Owerri Hub
EMENE,ENUGU,ENU,0,DIRECT,Enugu Hub
EMOHUA,RIVERS,PHC,+1,FC,PH Hub
ENERHEN,DELTA,WRI,0,DIRECT,Warri Hub
ENUGU,ENUGU,ENU,0,DIRECT,Enugu Hub
ENUGU CENTRAL,ENUGU,ENU,0,FA,Enugu Hub
ENUGU EZIKE,ENUGU,ENU,+1,FE,Enugu Hub
ENUGU-AGIDI,ANAMBRA,ONA,+1,FD,Onitsha Hub
ENUGU-UKWU,ANAMBRA,ONA,+1,FC,Onitsha Hub
ENWANG,AKWA IBOM,UYO,+2,FE,Uyo Hub
ENYIOGUGU/ MBAISE,IMO,ORI,+1,FB,Owerri Hub
EPE,LAGOS,LAS,+1,FE,Lagos Hub
EREMA,RIVERS,PHC,+2,FE,PH Hub
ERIAM ABAK,AKWA IBOM,UYO,+2,FD,Uyo Hub
ERIN ILE,KWARA,ILR,+1,FD,Ilorin Hub
ERUKU,KWARA,ILR,+1,FE,Ilorin Hub
ERUWA,OYO,IBA,+1,FE,Ibadan Hub
ERUZU AKOKO,ONDO,AKR,+3,FE,Akure Hub
ESA OKE,OSUN,OSG,0,FD,Osogbo Hub
ESIT EKET,AKWA IBOM,UYO,+2,FD,Uyo Hub
ESSIE,KWARA,ILR,+1,FZ2,Ilorin Hub
ESSIEN UDIM,AKWA IBOM,UYO,+1,FD,Uyo Hub
ETCHE,RIVERS,PHC,+1,FE,PH Hub
ETIM EKPO,AKWA IBOM,UYO,+1,FE,Uyo Hub
ETINAN,AKWA IBOM,UYO,+1,FC,Uyo Hub
ETITI,IMO,ORI,+2,FD,Owerri Hub
ETTEH,ENUGU,ENU,+1,FI,Enugu Hub
ETTEH ,ENUGU,ENU,+1,FZ2,Enugu Hub
ETUNG,CROSS RIVER,CBQ,+2,FE,Calabar Hub
EVWRENI,DELTA,WRI,+1,FC,Warri Hub
EWATTO,EDO,BNI,+2,FG,Benin Hub
EWEKORO,OGUN,ABK,+1,FC,Abeokuta Hub
EWU,EDO,BNI,+1,FE,Benin Hub
EWURU ESTATE AGBO,DELTA,WRI,+1,FE,Warri Hub
EZAMGBOO,EBONYI,AKK,+1,FC,Enugu Hub
EZIAMA OBIATO,IMO,ORI,+1,FC,Owerri Hub
EZINACHI OKIGWE,IMO,ORI,+1,FC,Owerri Hub
EZINIFITE,ANAMBRA,ONA,+1,FC,Onitsha Hub
EZINIHITTE MBAISE,IMO,ORI,+2,FD,Owerri Hub
EZIOWELLE,ANAMBRA,ONA,+1,FD,Onitsha Hub
EZOBODO,IMO,ORI,+1,FB,Owerri Hub
EZZILLO,EBONYI,AKK,+1,FC,Enugu Hub
FADEYI,LAGOS,LOS,0,DIRECT,Lagos Hub
FADIA,KADUNA,KAD,+2,FH,Kaduna Hub
FAGGE TAKUDU,KANO,KAN,0,DIRECT,Kano Hub
FARFARU,SOKOTO,SKO,0,DIRECT,Sokoto Hub
FARIN GADA,PLATEAU,JOS,0,DIRECT,Jos Hub
FARINRUWA,NASARAWA,LAF,+1,FH,Abuja Hub
FASKARI,KATSINA,KAS,+1,FD,Kano Hub
FESTAC,LAGOS,LOS,0,DIRECT,Lagos Hub
FIDITI,OYO,IBA,+1,FC,Ibadan Hub
FIKA,BORNO,MIU,+1,FH,Maiduguri Hub
FIKA,YOBE,DAM,+2,FZ7,
FINIMA,RIVERS,PHC,+1,DIRECT,PH Hub
FOROA-BISENI,BAYELSA,YEN,+3,FT,PH Hub
FUFORE,ADAMAWA,YOL,0,FC,Yola Hub
FUGAR,EDO,BNI,+3,FZ3,Benin Hub
FUNTUA,KATSINA,KAS,+1,FD,Kano Hub
GADA,SOKOTO,SKO,+2,FZ2,Sokoto Hub
GADA UKU,GOMBE,GOM,+1,FC,Gombe Hub
GADAM,GOMBE,GOM,+1,FB,Gombe Hub
GADAWO,GOMBE,GOM,+1,FB,Gombe Hub
GAJIGANA,BORNO,MIU,+1,FZ2,Maiduguri Hub
GAMAWA,BAUCHI,BAU,+1,FZ3,Bauchi Hub
GAMBORU,BORNO,MIU,+1,FZ2,Maiduguri Hub
GANAROPP,PLATEAU,JOS,+1,FE,Jos Hub
GANAWURI,PLATEAU,JOS,+1,FD,Jos Hub
GANDU ALBASA,KANO,KAN,0,DIRECT,Kano Hub
GANJUWA,BAUCHI,BAU,+1,FD,Bauchi Hub
GANO,KANO,KAN,+1,FB,Kano Hub
GANYE,ADAMAWA,YOL,+1,FE,Yola Hub
GARAKU/KOKONA,NASARAWA,LAF,+1,FB,Abuja Hub
GARAMA,KATSINA,KAS,+1,FE,Kano Hub
GARBA CHEDE,TARABA,JAL,+1,FZ1,
GARKI,FCT,ABV,0,DIRECT,Abuja Hub
GARKI,JIGAWA,DUT,+1,FB,Kano Hub
GARKIDA,ADAMAWA,YOL,+1,FE,Yola Hub
GARKO,KANO,KAN,+1,FD,Kano Hub
GASHAKA,TARABA,JAL,+2,FZ6,
GASHUA,YOBE,DAM,+2,FZ7,
GASSOL,TARABA,JAL,+1,FD,
GAWANA,ADAMAWA,YOL,0,FE,Yola Hub
GAWU BABANGIDA,NIGER,MNA,+1,FB,Minna Hub
GAYA,KANO,KAN,+1,FD,Kano Hub
GBAGADA,LAGOS,LOS,0,DIRECT,Lagos Hub
GBAJIMBA,PLATEAU,JOS,+1,FC,Jos Hub
GBONGAN,OSUN,OSG,0,FB,Osogbo Hub
GEIDAM,BORNO,MIU,+2,FH,Maiduguri Hub
GEIDAM,YOBE,DAM,+2,FZ6,
GELBUNU,GOMBE,GOM,+2,FD,Gombe Hub
GELENGU,GOMBE,GOM,+2,FM,Gombe Hub
GEMBU,TARABA,JAL,+2,FT,
GENGERE,PLATEAU,JOS,0,DIRECT,Jos Hub
GEZAWA,KANO,KAN,+1,FE,Kano Hub
GIADE,BAUCHI,BAU,+1,FD,Bauchi Hub
GIBA,NASARAWA,LAF,+1,FZ2,Abuja Hub
GIDAN DOROWA,TARABA,JAL,+1,FZ5,
GIDAN MUTUM DAYA,KATSINA,KAS,+1,FD,Kano Hub
GIDAN WAYA,PLATEAU,JOS,+1,FD,Jos Hub
GIDANKWANO,NIGER,MNA,0,FB,Minna Hub
GIDANMADI,SOKOTO,SKO,+2,FZ2,Sokoto Hub
GINDI DORUWA,TARABA,JAL,+2,FZ5,
GINDIRI,PLATEAU,JOS,+1,FE,Jos Hub
GIREI,ADAMAWA,YOL,0,FB,Yola Hub
GIRI,FCT,ABV,0,FB,Abuja Hub
GIWA,KADUNA,KAD,+1,FC,Kaduna Hub
GOKANA,RIVERS,PHC,+1,FE,PH Hub
GOMBE,GOMBE,GOM,0,DIRECT,Gombe Hub
GOMBE ABBA,GOMBE,GOM,+2,FD,Gombe Hub
GOMBI,ADAMAWA,YOL,+1,FD,Yola Hub
GONIRI,BORNO,MIU,+1,FH,Maiduguri Hub
GONIRI,YOBE,DAM,+1,FE,
GORON DUTSE,KANO,KAN,0,DIRECT,Kano Hub
GORONYO,SOKOTO,SKO,+1,FE,Sokoto Hub
GUDI,NASARAWA,LAF,+1,FZ2,Abuja Hub
GUDU,SOKOTO,SKO,+2,FG,Sokoto Hub
GULU,NIGER,MNA,+2,FZ2,Minna Hub
GULUMBE,KEBBI,BKK,0,FD,
GUMAU,PLATEAU,JOS,+1,FH,Jos Hub
GUMEL,JIGAWA,DUT,+1,FE,Kano Hub
GUMMI,ZAMFARA,GUS,+1,FZ4,Gusau Hub
GURARA,NIGER,MNA,+1,FC,Minna Hub
GUSAU,ZAMFARA,GUS,0,DIRECT,Gusau Hub
GUSSORO,NIGER,MNA,+2,FI,Minna Hub
GUYUK,ADAMAWA,YOL,+1,FE,Yola Hub
GWADA,NIGER,MNA,+1,FC,Minna Hub
GWADABAWA,SOKOTO,SKO,+2,FZ2,Sokoto Hub
GWAGWA,FCT,ABV,0,FA,Abuja Hub
GWAGWALADA,FCT,ABV,0,FB,Abuja Hub
GWANDU,KEBBI,BKK,+1,FE,
GWARABE,KADUNA,KAD,+1,FE,Kaduna Hub
GWARIMPA,FCT,ABV,0,FA,Abuja Hub
GWARZO,KANO,KAN,+1,FC,Kano Hub
GWIWA,JIGAWA,DUT,+1,FE,Kano Hub
GWOZA,BORNO,MIU,+1,FZ2,Maiduguri Hub
GYADI-GYADI,KANO,KAN,0,DIRECT,Kano Hub
HADEJIA,JIGAWA,DUT,+2,FE,Kano Hub
HADEJIA,KANO,KAN,+2,FE,Kano Hub
HAS,BAUCHI,BAU,+1,FZ3,Bauchi Hub
HASHIDU,GOMBE,GOM,+1,FD,Gombe Hub
HAUSAWA QUARTERS,KANO,KAN,0,DIRECT,Kano Hub
HAWUL,BORNO,MIU,+1,FH,Maiduguri Hub
HAYIN BANK,KADUNA,KAD,0,DIRECT,Kaduna Hub
HEIPANG,PLATEAU,JOS,+1,FD,Jos Hub
HFC,LAGOS,LAS,0,FA,Lagos Hub
HONG,ADAMAWA,YOL,+1,FE,Yola Hub
HOTORO,KANO,KAN,0,DIRECT,Kano Hub
HUNKUYI,KADUNA,KAD,+1,FC,Kaduna Hub
IBAA,RIVERS,PHC,+1,FD,PH Hub
IBADA ELUME,DELTA,WRI,+1,FD,Warri Hub
IBADAN,OYO,IBA,0,DIRECT,Ibadan Hub
IBAFON,OGUN,ABK,+1,FB,Abeokuta Hub
IBAGWA,ENUGU,ENU,+1,FE,Enugu Hub
IBAGWE,OGUN,ABK,+1,FE,Abeokuta Hub
IBAJI,KOGI,LKJ,+2,FE,
IBARAM,ONDO,AKR,+3,FE,Akure Hub
IBEJU LEKKI,LAGOS,LAS,+1,FE,Lagos Hub
IBEKU,ABIA,ABA,0,DIRECT,Aba Hub
IBENO,AKWA IBOM,UYO,+2,FD,Uyo Hub
IBESE,OGUN,ABK,+1,FC,Abeokuta Hub
IBESIKPO ASUTAN,AKWA IBOM,UYO,+1,FB,Uyo Hub
IBI,TARABA,JAL,+1,FM,
IBIAKU NTOKPO,AKWA IBOM,UYO,+1,FE,Uyo Hub
IBILLO,EDO,BNI,+3,FI,Benin Hub
IBOKO,EBONYI,AKK,+1,FE,Enugu Hub
IBOKUN,OSUN,OSG,0,FD,Osogbo Hub
IBOWON,LAGOS,LAS,+1,FD,Lagos Hub
IBULE,ONDO,AKR,+1,FD,Akure Hub
IBUSA,DELTA,WRI,+1,FB,Warri Hub
ICHI,ANAMBRA,ONA,+1,FA,Onitsha Hub
ICHIDA,ANAMBRA,ONA,+1,FC,Onitsha Hub
IDAH,KOGI,LKJ,+2,FH,
IDANRE,ONDO,AKR,+2,FE,Akure Hub
IDDO,LAGOS,LOS,0,DIRECT,Lagos Hub
IDDO EKITI,ONDO,AKR,+3,FE,Akure Hub
IDEANI,ANAMBRA,ONA,+1,FC,Onitsha Hub
IDEATO NOIRTH,IMO,ORI,+2,FD,Owerri Hub
IDEATO SOUTH,IMO,ORI,+2,FD,Owerri Hub
IDI AYUNRE,OYO,IBA,+1,FC,Ibadan Hub
IDI IROKO,OGUN,ABK,+1,FD,Abeokuta Hub
IDI-ARABA,LAGOS,LOS,0,DIRECT,Lagos Hub
IDIMU,LAGOS,LOS,0,DIRECT,Lagos Hub
IDI-ORO,LAGOS,LOS,0,DIRECT,Lagos Hub
IDO,OYO,IBA,+1,FC,Ibadan Hub
IDOFIAN,KWARA,ILR,+1,FB,Ilorin Hub
IDOGBO,EDO,BNI,+1,FC,Benin Hub
IDOGUN,ONDO,AKR,+3,FE,Akure Hub
IDOMINASI,OSUN,OSG,0,FC,Osogbo Hub
IDON,KADUNA,KAD,+1,FE,Kaduna Hub
IDU,FCT,ABV,0,FA,Abuja Hub
IDUMAGBO,LAGOS,LAS,0,DIRECT,Lagos Hub
IDUMOTA,LAGOS,LAS,0,DIRECT,Lagos Hub
IDUMUJE ,DELTA,WRI,+2,FE,Warri Hub
IDUMUJEUNOR,DELTA,WRI,+2,FE,Warri Hub
IFAKI EKITI,ONDO,AKR,+3,FE,Akure Hub
IFAKO,LAGOS,LOS,0,DIRECT,Lagos Hub
IFE,OSUN,OSG,0,DIRECT,Osogbo Hub
IFETEDO,OSUN,OSG,+1,FD,Osogbo Hub
IFEWARA,OSUN,OSG,+1,FD,Osogbo Hub
IFITE-DUNU,ANAMBRA,ONA,+1,FD,Onitsha Hub
IFITE-UKPO,ANAMBRA,ONA,+1,FC,Onitsha Hub
IFO,OGUN,ABK,+1,FC,Abeokuta Hub
IFO IBOGUN,OGUN,ABK,+1,FD,Abeokuta Hub
IFON,ONDO,AKR,+3,FE,Akure Hub
IGABI,KADUNA,KAD,+1,FE,Kaduna Hub
IGANMU,LAGOS,LOS,0,DIRECT,Lagos Hub
IGANNA,OYO,IBA,+1,FZ2,Ibadan Hub
IGARRA,EDO,BNI,+3,FH,Benin Hub
IGBAJA,KWARA,ILR,+1,FD,Ilorin Hub
IGBAJO,OSUN,OSG,0,FD,Osogbo Hub
IGBANKE,EDO,BNI,+2,FE,Benin Hub
IGBARA ODO EKITI,ONDO,AKR,+3,FD,Akure Hub
IGBARA OKE,ONDO,AKR,+3,FE,Akure Hub
IGBARIAM,ANAMBRA,ONA,+1,FH,Onitsha Hub
IGBEKEBO,ONDO,AKR,+3,FZ2,Akure Hub
IGBERE,ABIA,ABA,+1,FD,Aba Hub
IGBESA,OGUN,ABK,+1,FD,Abeokuta Hub
IGBETI,KWARA,ILR,+1,FJ,Ilorin Hub
IGBETI,,IBA,+1,FJ,
IGBOBI,LAGOS,LOS,0,DIRECT,Lagos Hub
IGBOEZE SOUTH,ENUGU,ENU,+1,FE,Enugu Hub
IGBOEZE SOUTH,ENUGU,ENU,+1,FE,Enugu Hub
IGBOGBO,LAGOS,LOS,0,DIRECT,Lagos Hub
IGBOGILA,OGUN,ABK,+1,FE,Abeokuta Hub
IGBOHO,OYO,IBA,+1,FJ,Ibadan Hub
IGBOKODA,ONDO,AKR,+3,FE,Akure Hub
IGBONLA EPE,LAGOS,LAS,+1,FZ2,Lagos Hub
IGBOORA,OYO,IBA,+1,FH,Ibadan Hub
IGBOOYE,LAGOS,LAS,+1,FZ2,Lagos Hub
IGBO-UKWU,ANAMBRA,ONA,+1,FC,Onitsha Hub
IGBUGENE,BAYELSA,YEN,0,DIRECT,PH Hub
IGEDE EKITI,ONDO,AKR,+3,FE,Akure Hub
IGIEDUMA,EDO,BNI,+1,FD,Benin Hub
IGOLI-OGOJA,CROSS RIVER,CBQ,+1,FJ,Calabar Hub
IGOSUN,KWARA,ILR,+1,FC,Ilorin Hub
IGUEBEN,EDO,BNI,+2,FE,Benin Hub
IGUOBASUWA,EDO,BNI,+1,FE,Benin Hub
IGWURUTA,RIVERS,PHC,+1,FC,PH Hub
IHE,ENUGU,ENU,+1,FD,Enugu Hub
IHECHIOWA,ABIA,ABA,+2,FD,Aba Hub
IHEMBOSI,ANAMBRA,ONA,+1,FC,Onitsha Hub
IHIAGWA,IMO,ORI,0,FA,Owerri Hub
IHIALA,ANAMBRA,ONA,+1,FC,Onitsha Hub
IHIMA,KOGI,LKJ,+1,FE,
IHIOMA,IMO,ORI,+1,FC,Owerri Hub
IHITE UBOMA,IMO,ORI,+2,FD,Owerri Hub
IHITTE NA NSA,IMO,ORI,+1,FC,Owerri Hub
IJAGBO,KWARA,ILR,+1,FA,Ilorin Hub
IJAGUN,OGUN,ABK,+1,FD,Abeokuta Hub
IJAN EKITI,ONDO,AKR,+3,FE,Akure Hub
IJARE,ONDO,AKR,+1,FB,Akure Hub
IJEBU EAST,OGUN,ABK,+1,FE,Abeokuta Hub
IJEBU IFE,OGUN,ABK,+1,FZ2,Abeokuta Hub
IJEBU IGBO,OGUN,ABK,+1,FE,Abeokuta Hub
IJEBU IJESHA,OSUN,OSG,0,FD,Osogbo Hub
IJEBU MUSHIN,OGUN,ABK,+1,FZ2,Abeokuta Hub
IJEBU ODE,OGUN,ABK,0,FB,Abeokuta Hub
IJEBU OGBERE,OGUN,ABK,+1,FF,Abeokuta Hub
IJEBU ORU,OGUN,ABK,+1,FE,Abeokuta Hub
IJEBU WATERSIDE,OGUN,ABK,+1,FG,Abeokuta Hub
IJEBU-ALA,OGUN,ABK,+1,FD,Abeokuta Hub
IJEDA,OSUN,OSG,0,FD,Osogbo Hub
IJEGUN,LAGOS,LOS,0,DIRECT,Lagos Hub
IJERO EKITI,ONDO,AKR,+3,FE,Akure Hub
IJESHA,LAGOS,LOS,0,DIRECT,Lagos Hub
IJI-NIKE,ENUGU,ENU,+1,FB,Enugu Hub
IJOKO OTA,OGUN,ABK,0,DIRECT,Abeokuta Hub
IJORA,LAGOS,LOS,0,DIRECT,Lagos Hub
IJU,ONDO,AKR,+1,FB,Akure Hub
IKA,AKWA IBOM,UYO,+2,FE,Uyo Hub
IKANG,CROSS RIVER,CBQ,0,FC,Calabar Hub
IKANGBA,OGUN,ABK,+1,FD,Abeokuta Hub
IKARA,KADUNA,KAD,+1,FD,Kaduna Hub
IKARAM,ONDO,AKR,+3,FE,Akure Hub
IKARE AKOKO,ONDO,AKR,+3,FE,Akure Hub
IKATE,LAGOS,LOS,0,DIRECT,Lagos Hub
IKEDURU LG H/Q,IMO,ORI,0,FB,Owerri Hub
IKEJA,LAGOS,LOS,0,DIRECT,Lagos Hub
IKEM,ENUGU,ENU,+1,FI,Enugu Hub
IKENANZIZI,IMO,ORI,+1,FC,Owerri Hub
IKENJA OKIJA,ANAMBRA,ONA,+1,FB,Onitsha Hub
IKENNE REMO,OGUN,ABK,+1,FD,Abeokuta Hub
IKERE EKITI,ONDO,AKR,+1,FB,Akure Hub
IKIRE,OSUN,OSG,0,FB,Osogbo Hub
IKIRUN,OSUN,OSG,0,FC,Osogbo Hub
IKOGOSI,ONDO,AKR,+3,FE,Akure Hub
IKOLE EKITI,ONDO,AKR,+2,FE,Akure Hub
IKOM,CROSS RIVER,CBQ,+1,FZ5,Calabar Hub
IKONO,AKWA IBOM,UYO,+1,FD,Uyo Hub
IKORO EKITI,ONDO,AKR,+3,FE,Akure Hub
IKORODU,LAGOS,LOS,0,FC,Lagos Hub
IKOSE,OYO,IBA,+1,FE,Ibadan Hub
IKOSI,LAGOS,LAS,+1,FZ2,Lagos Hub
IKOSI,LAGOS,LOS,0,DIRECT,Lagos Hub
IKOSI,OGUN,ABK,+1,FC,Abeokuta Hub
IKOT ABASI,AKWA IBOM,UYO,+1,DIRECT,Uyo Hub
IKOT ABIA,AKWA IBOM,UYO,+1,FC,Uyo Hub
IKOT EBOM,AKWA IBOM,UYO,+1,FC,Uyo Hub
IKOT EKPENE,AKWA IBOM,UYO,+1,FC,Uyo Hub
IKOT EKWERE,AKWA IBOM,UYO,+1,FB,Uyo Hub
IKOT OSURUA,AKWA IBOM,UYO,+1,FC,Uyo Hub
IKOTA,LAGOS,LAS,0,FA,Lagos Hub
IKOTUN,LAGOS,LOS,0,DIRECT,Lagos Hub
IKOYI,LAGOS,LAS,0,DIRECT,Lagos Hub
IKOYI,OSUN,OSG,0,FB,Osogbo Hub
IKPAMODO,ENUGU,ENU,+1,FE,Enugu Hub
IKPE IKOT NKON,AKWA IBOM,UYO,+1,FE,Uyo Hub
IKWO,EBONYI,AKK,+2,FE,Enugu Hub
IKWUANO,ABIA,ABA,+1,FC,Aba Hub
ILA OJA,LAGOS,LOS,0,DIRECT,Lagos Hub
ILA ORAGUN,OSUN,OSG,0,FE,Osogbo Hub
ILARA MOKIN,ONDO,AKR,+1,FB,Akure Hub
ILARO,OGUN,ABK,+1,FE,Abeokuta Hub
ILASAMAJA,LAGOS,LOS,0,DIRECT,Lagos Hub
ILASAN,LAGOS,LAS,0,FA,Lagos Hub
ILE OGBO,OSUN,OSG,0,FC,Osogbo Hub
ILE OLUJI,ONDO,AKR,+2,FD,Akure Hub
ILERO,OYO,IBA,+1,FE,Ibadan Hub
ILESA IBARUBA,KWARA,ILR,+2,FR,Ilorin Hub
ILESHA,OSUN,OSG,0,DIRECT,Osogbo Hub
ILISHAN,OGUN,ABK,+1,FE,Abeokuta Hub
ILLELA,SOKOTO,SKO,+2,FZ2,Sokoto Hub
ILOBU,OSUN,OSG,0,FB,Osogbo Hub
ILODUN EKITI,ONDO,AKR,+3,FE,Akure Hub
ILOKO IJESHA,OSUN,OSG,0,FC,Osogbo Hub
ILORA,OYO,IBA,+1,FE,Ibadan Hub
ILORIN,KWARA,ILR,0,DIRECT,Ilorin Hub
ILORO EKITI,ONDO,AKR,+2,FD,Akure Hub
ILUGUN,OYO,IBA,+1,FC,Ibadan Hub
ILUPEJU,LAGOS,LOS,0,DIRECT,Lagos Hub
ILUPEJU EKITI,ONDO,AKR,+3,FE,Akure Hub
IMAGBON,OGUN,ABK,+1,FE,Abeokuta Hub
IMEKO,OGUN,ABK,+1,FE,Abeokuta Hub
IMERIENWE,IMO,ORI,+1,FC,Owerri Hub
IMESI ILE,OSUN,OSG,+1,FD,Osogbo Hub
IMILIKI,ENUGU,ENU,+1,FH,Enugu Hub
IMIRINGI,BAYELSA,YEN,+1,FE,PH Hub
INGAWA,KATSINA,KAS,+1,FE,Kano Hub
INI,AKWA IBOM,UYO,+2,FE,Uyo Hub
INISHA,OSUN,OSG,0,FC,Osogbo Hub
INYI,ENUGU,ENU,+1,FG,Enugu Hub
INYI ENUGU EZIKE,ENUGU,ENU,+1,FE,Enugu Hub
INYISHSI,IMO,ORI,0,FC,Owerri Hub
IPAJA,LAGOS,LOS,0,DIRECT,Lagos Hub
IPEE,KWARA,ILR,+1,FB,Ilorin Hub
IPERU,OGUN,ABK,+1,FD,Abeokuta Hub
IPERU REMO,OGUN,ABK,+1,FD,Abeokuta Hub
IPETU MODU,OSUN,OSG,0,FC,Osogbo Hub
IPO,RIVERS,PHC,+1,FC,PH Hub
IPOKIA,OGUN,ABK,+1,FE,Abeokuta Hub
IPOLE ILORO,ONDO,AKR,+3,FE,Akure Hub
IRAGBERI,OSUN,OSG,+1,FD,Osogbo Hub
IRAGBIJI,OSUN,OSG,+1,FD,Osogbo Hub
IREE,OSUN,OSG,0,FC,Osogbo Hub
IRESA DU,OYO,IBA,+1,FE,Ibadan Hub
IRESI,OSUN,OSG,0,FC,Osogbo Hub
IRETE,IMO,ORI,0,FA,Owerri Hub
IRRUA,EDO,BNI,+1,FE,Benin Hub
IRUEKPEN,EDO,BNI,+1,FD,Benin Hub
ISA,SOKOTO,SKO,+2,FG,Sokoto Hub
ISAGA-TEDO,LAGOS,LOS,0,DIRECT,Lagos Hub
ISAKA,RIVERS,PHC,+1,FE,PH Hub
ISANLU,KWARA,ILR,+2,FZ3,Ilorin Hub
ISE AKOKO,ONDO,AKR,+3,FE,Akure Hub
ISE EKITI,ONDO,AKR,+3,FE,Akure Hub
ISEYIN,OYO,IBA,+1,FZ2,Ibadan Hub
ISHARA REMO,OGUN,ABK,+1,FE,Abeokuta Hub
ISHERI,LAGOS,LOS,0,DIRECT,Lagos Hub
ISHERI OSHUN,LAGOS,LOS,0,DIRECT,Lagos Hub
ISHIAGU,EBONYI,AKK,+2,FH,Enugu Hub
ISHIELU,EBONYI,AKK,+1,FC,Enugu Hub
ISI UZO LGA,ENUGU,ENU,+1,FH,Enugu Hub
ISIALA NGWA,ABIA,ABA,+1,FC,Aba Hub
ISIELE-UKU,DELTA,WRI,+1,FC,Warri Hub
ISIOHOR,EDO,BNI,0,DIRECT,Benin Hub
ISIOKOLO,DELTA,WRI,+1,FC,Warri Hub
ISIOKPO,RIVERS,PHC,+1,FD,PH Hub
ISOLO,LAGOS,LOS,0,DIRECT,Lagos Hub
ISONYI,OGUN,ABK,+1,FD,Abeokuta Hub
ISU,EBONYI,AKK,+1,FZ7,Enugu Hub
ISU NJABA,IMO,ORI,+1,FC,Owerri Hub
ISUA AKOKO,ONDO,AKR,+3,FE,Akure Hub
ISUIKWATO,ABIA,ABA,+1,FD,Aba Hub
ISULO,ANAMBRA,ONA,+2,FD,Onitsha Hub
ISUOCHI,ABIA,ABA,+2,FE,Aba Hub
ISUOFIA,ANAMBRA,ONA,+1,FC,Onitsha Hub
ITAKPE,KOGI,LKJ,+1,FE,
ITAM,AKWA IBOM,UYO,+1,FB,Uyo Hub
ITAOGBOLU,ONDO,AKR,+1,FB,Akure Hub
ITCHI,ENUGU,ENU,+1,FG,Enugu Hub
ITEM,ABIA,ABA,+1,FD,Aba Hub
ITIGIDI,CROSS RIVER,CBQ,+2,FI,Calabar Hub
ITIRE,LAGOS,LOS,0,DIRECT,Lagos Hub
ITORI,OGUN,ABK,+1,FD,Abeokuta Hub
ITU,AKWA IBOM,UYO,+1,FD,Uyo Hub
ITU EZINIHITE MBAISE,IMO,ORI,+2,FD,Owerri Hub
ITU MBO USO,AKWA IBOM,UYO,+2,FE,Uyo Hub
ITU NGWA,ABIA,ABA,+1,FC,Aba Hub
ITUKU,ENUGU,ENU,+1,FD,Enugu Hub
ITUMBAUZO,ABIA,ABA,+1,FE,Aba Hub
IVBIARO,EDO,BNI,+2,FI,Benin Hub
IWARA ,OSUN,OSG,+1,FC,Osogbo Hub
IWARAJA,OSUN,OSG,+1,FC,Osogbo Hub
IWARE,TARABA,JAL,+1,FC,
IWAYA,LAGOS,LOS,0,DIRECT,Lagos Hub
IWO,OSUN,OSG,0,FC,Osogbo Hub
IWOPIN,OSUN,OSG,0,FC,Osogbo Hub
IWOROKO,ONDO,AKR,+2,FD,Akure Hub
IYABA,EBONYI,AKK,+3,FH,Enugu Hub
IYA-GBEDE,KOGI,LKJ,+2,FE,
IYAHE,CROSS RIVER,CBQ,+3,FG,Calabar Hub
IYAMOMO,OGUN,ABK,+1,FE,Abeokuta Hub
IYAMOYE,KOGI,LKJ,+2,FE,
IYANOMO,EDO,BNI,+2,FD,Benin Hub
IYARA,KOGI,LKJ,+2,FE,
IYIN EKITI,ONDO,AKR,+3,FE,Akure Hub
IYIOWA ODEKPE,ANAMBRA,ONA,+1,FC,Onitsha Hub
IZOM,NIGER,MNA,0,FB,Minna Hub
IZOMBE,IMO,ORI,+1,FD,Owerri Hub
J 4,OGUN,ABK,+2,FJ,Abeokuta Hub
JAGINDI,PLATEAU,JOS,+1,FJ,Jos Hub
JAHUN,JIGAWA,DUT,+2,FE,Kano Hub
JAJI,KADUNA,KAD,0,FB,Kaduna Hub
JAKUSCO,BORNO,MIU,+2,FH,Maiduguri Hub
JAKUSCO,YOBE,DAM,+2,FZ4,
JALINGO,TARABA,JAL,0,DIRECT,
JAMARE,BAUCHI,BAU,+1,FG,Bauchi Hub
JATTU,KWARA,ILR,+1,FB,Ilorin Hub
JEBBA/ DAM,KWARA,ILR,+1,FG,Ilorin Hub
JEGA,KEBBI,BKK,+1,FC,
JEN,TARABA,JAL,+3,FM,
JENGRI,PLATEAU,JOS,+1,FD,Jos Hub
JERE,KADUNA,KAD,+2,FH,Kaduna Hub
JESSE TOWN,DELTA,WRI,+1,FC,Warri Hub
JIBIA,KATSINA,KAS,+1,FD,Kano Hub
JIKAMSHI,KATSINA,KAS,+1,FE,Kano Hub
JIMETA,ADAMAWA,YOL,0,DIRECT,Yola Hub
JOBBA,OGUN,ABK,+1,FD,Abeokuta Hub
JOBELE,OYO,IBA,+1,FC,Ibadan Hub
JOS,PLATEAU,JOS,0,DIRECT,Jos Hub
KABALA EAST,KADUNA,KAD,0,DIRECT,Kaduna Hub
KABALA WEST,KADUNA,KAD,0,DIRECT,Kaduna Hub
KABBA,KOGI,LKJ,+1,FE,
KABO TOWN,KANO,KAN,+1,FB,Kano Hub
KACHIA,KADUNA,KAD,+2,FH,Kaduna Hub
KADAKA,BORNO,MIU,+1,FH,Maiduguri Hub
KADARKO,PLATEAU,JOS,+1,FD,Jos Hub
KADARKO (WUSE),PLATEAU,JOS,+1,FD,Jos Hub
KADEMI,KANO,KAN,+1,FD,Kano Hub
KADO,FCT,ABV,0,FA,Abuja Hub
KADUNA,KADUNA,KAD,0,DIRECT,Kaduna Hub
KADUNA R.PET. CHEM,KADUNA,KAD,+1,FA,Kaduna Hub
KADUNA ROAD,FCT,ABV,0,FC,Abuja Hub
KADUNA ROAD,NIGER,MNA,+1,FA,Minna Hub
KAFANCHAN,KADUNA,KAD,+2,FH,Kaduna Hub
KAFINKORO,NIGER,MNA,+1,FE,Minna Hub
KAFUR,KATSINA,KAS,+1,FD,Kano Hub
KAGARA,NIGER,MNA,+1,FE,Minna Hub
KAGARKO,KADUNA,KAD,+2,FH,Kaduna Hub
KAGORO,KADUNA,KAD,+2,FH,Kaduna Hub
KAIAMA,KWARA,ILR,+2,FZ2,Ilorin Hub
KAINJI,KWARA,ILR,+2,FI,Ilorin Hub
KAINJI,NIGER,MNA,+2,FE,Minna Hub
KAITA,KATSINA,KAS,+1,FC,Kano Hub
KAKARA,TARABA,JAL,+3,FT,
KAKURI,KADUNA,KAD,0,DIRECT,Kaduna Hub
KALAJANGA,BAUCHI,BAU,+1,FD,Bauchi Hub
KALGO,KEBBI,BKK,+1,FB,
KALMAI,GOMBE,GOM,+1,FD,Gombe Hub
KALTUNGO,GOMBE,GOM,+1,FE,Gombe Hub
KAMBA,KEBBI,BKK,+2,FG,
KAMPALA,NIGER,MNA,0,FB,Minna Hub
KANAMA,YOBE,DAM,+2,FZ8,
KANAN (DENGI),PLATEAU,JOS,+2,FH,Jos Hub
KANGARE,BAUCHI,BAU,+1,FB,Bauchi Hub
KANGIWA,KEBBI,BKK,+1,FG,
KANKARA,KATSINA,KAS,+1,FE,Kano Hub
KANKE,PLATEAU,JOS,+2,FH,Jos Hub
KANKIA,KATSINA,KAS,+1,FD,Kano Hub
"KANO, MUNICIPAL",KANO,KAN,0,DIRECT,Kano Hub
KAOJE,KEBBI,BKK,+1,FZ3,
KARAYE,KANO,KAN,+1,FD,Kano Hub
KARI,BAUCHI,BAU,+1,FD,Bauchi Hub
KARIM LAMIDO,TARABA,JAL,+2,FM,
KARMO,FCT,ABV,0,FA,Abuja Hub
KARSHI,FCT,ABV,0,FC,Abuja Hub
KARU (NEW),NASARAWA,LAF,0,FB,Abuja Hub
KARU(OLD),NASARAWA,LAF,0,FB,Abuja Hub
KASHERE,GOMBE,GOM,+1,FH,Gombe Hub
KASUWA  MAGANI,KADUNA,KAD,+2,FD,Kaduna Hub
KATA EREGI,NIGER,MNA,+1,FD,Minna Hub
KATAGUM,BAUCHI,BAU,+1,FE,Bauchi Hub
KATCHA,NIGER,MNA,+2,FH,Minna Hub
KATERI,KADUNA,KAD,+2,FH,Kaduna Hub
KATSINA,KATSINA,KAS,0,DIRECT,Kano Hub
KAURA,KADUNA,KAD,2,FH,Kaduna Hub
KAURA (ZARIA CITY),KADUNA,KAD,0,FA,Kaduna Hub
KAURA NAMODA,ZAMFARA,GUS,+1,FD,Gusau Hub
KAURU,KADUNA,KAD,+2,FH,Kaduna Hub
KAURU,KADUNA,KAD,1,FE,Kaduna Hub
KAYAUKI,KATSINA,KAS,+1,FC,Kano Hub
KAZAURE,JIGAWA,DUT,+1,FD,Kano Hub
KEANA,NASARAWA,LAF,+1,FE,Abuja Hub
KEBBE,SOKOTO,SKO,+2,FG,Sokoto Hub
KEFFI,NASARAWA,LAF,+1,FD,Abuja Hub
KEMBU,GOMBE,GOM,+2,FE,Gombe Hub
KERANG,PLATEAU,JOS,+1,FE,Jos Hub
KETU,LAGOS,LOS,0,DIRECT,Lagos Hub
KHADDAMARI,BORNO,MIU,0, FA,Maiduguri Hub
KHANA,RIVERS,PHC,+1,FE,PH Hub
KIAMA,BAYELSA,YEN,+1,FG,PH Hub
KILOMETER 26,KANO,KAN,0,FA,Kano Hub
KIRFI,BAUCHI,BAU,+1,FD,Bauchi Hub
KIRIKASAMA,KANO,KAN,+2,FE,Kano Hub
KIRIKIRI,LAGOS,LOS,0,DIRECT,Lagos Hub
KIRU,KANO,KAN,+1,FC,Kano Hub
KISHI,OYO,IBA,+2,FZ7,Ibadan Hub
KIYAWA,JIGAWA,DUT,+1,FC,Kano Hub
KOBUWA,GOMBE,GOM,+1,FC,Gombe Hub
KOFAN GAYAN,KADUNA,KAD,1,FA,Kaduna Hub
KOKO,DELTA,WRI,+2,FE,Warri Hub
KOKO BESSE,KEBBI,BKK,+1,FG,
KOKORI,DELTA,WRI,+1,FE,Warri Hub
KOLO CREEK,BAYELSA,YEN,+2,FI,PH Hub
KONA,TARABA,JAL,0,FA,
KONDUGA,BORNO,MIU,+1,FZ2,Maiduguri Hub
KONO,RIVERS,PHC,+1,FE,PH Hub
KONTAGORA,NIGER,MNA,+2,FZ3,Minna Hub
KOSUNBOSUN,KWARA,ILR,+2,FR,Ilorin Hub
KOTONKARFE,KOGI,LKJ,+1,FE,
KPANTISAWA,TARABA,JAL,+1,FD,
KUBACHA ,KADUNA,KAD,+2,FH,Kaduna Hub
KUBAU,KADUNA,KAD,+2,FG,Kaduna Hub
KUBWA,FCT,ABV,0,FB,Abuja Hub
KUDAN,KADUNA,KAD,+1,FD,Kaduna Hub
KUJAMA,KADUNA,KAD,+1,FD,Kaduna Hub
KUJE,FCT,ABV,+1,FC,Abuja Hub
KUKAWA,BORNO,MIU,+1,FH,Maiduguri Hub
KUMO,GOMBE,GOM,+1,FC,Gombe Hub
KUNINI TOWN,TARABA,JAL,+1,FD,
KURA,KANO,KAN,+1,FB,Kano Hub
KURA FALLS,PLATEAU,JOS,+1,FE,Jos Hub
KURFI,KATSINA,KAS,+1,FD,Kano Hub
KURGWUI,PLATEAU,JOS,+2,FZ1,Jos Hub
KURI,GOMBE,GOM,+2,FE,Gombe Hub
KURMI,TARABA,JAL,+3,FR,
KURMI GWAZA,KADUNA,KAD,+2,FE,Kaduna Hub
KURMI MASHI ,KADUNA,KAD,0,DIRECT,Kaduna Hub
KURNA,KANO,KAN,0,DIRECT,Kano Hub
KURU,PLATEAU,JOS,+1,FD,Jos Hub
KUSADA,KATSINA,KAS,+1,FD,Kano Hub
KUTA,NIGER,MNA,+1,FD,Minna Hub
KUTA ILEOGBO,OYO,IBA,+1,FH,Ibadan Hub
KUTIGI,NIGER,MNA,+1,FE,Minna Hub
KWA,KANO,KAN,+1,FA,Kano Hub
KWA FALLS,CROSS RIVER,CBQ,+2,FE,Calabar Hub
KWADAN,GOMBE,GOM,+1,FA,Gombe Hub
KWALE,DELTA,WRI,+2,FE,Warri Hub
KWALE (AGIP PLANT),DELTA,WRI,+2,FZ6,Warri Hub
KWALI,FCT,ABV,0,FD,Abuja Hub
KWAMI,GOMBE,GOM,+1,FH,Gombe Hub
KWANA' YAU DADDAWA,KANO,KAN,+1,FC,Kano Hub
KWARE,SOKOTO,SKO,+1,FC,Sokoto Hub
KWAYAKUSA,BORNO,MIU,+1,FZ6,Maiduguri Hub
KWOI,KADUNA,KAD,+2,FH,Kaduna Hub
LADONGO,GOMBE,GOM,+1,FC,Gombe Hub
LAFIA,NASARAWA,LAF,0,DIRECT,Abuja Hub
LAGOS,LAGOS,LAS,0,DIRECT,Lagos Hub
LAHADIN MAKALI,KANO,KAN,+1,FC,Kano Hub
LAMBATA,NIGER,MNA,0,FC,Minna Hub
LAMINGA,PLATEAU,JOS,0,FC,Jos Hub
LAMURDE,ADAMAWA,YOL,+1,FD,Yola Hub
LANGBASA,LAGOS,LAS,0,FC,Lagos Hub
"LANGTANG, NORTH",PLATEAU,JOS,+2,FH,Jos Hub
"LANGTANG, SOUTH",PLATEAU,JOS,+2,FI,Jos Hub
LANKAVIRI,TARABA,JAL,+1,FC,
LANLATE,OYO,IBA,+1,FE,Ibadan Hub
LANZAI,BAUCHI,BAU,+1,FZ2,Bauchi Hub
"LAPAI, IBB UNIV.",NIGER,MNA,+1,FD,Minna Hub
LARANTO,PLATEAU,JOS,0,DIRECT,Jos Hub
LAU,TARABA,JAL,+1,FD,
LEJJA,ENUGU,ENU,+1,FE,Enugu Hub
LEKKI,LAGOS,LAS,0,DIRECT,Lagos Hub
LIFECAMP,FCT,ABV,0,DIRECT,Abuja Hub
LISAGBEDE,ONDO,AKR,+3,FE,Akure Hub
LOKOJA,KOGI,LKJ,0,DIRECT,
LOWER USMAN DAM,FCT,ABV,+1,FB,Abuja Hub
LUGBE,FCT,ABV,+1,FA,Abuja Hub
MABUDI,PLATEAU,JOS,+1,FI,Jos Hub
MACHINA,YOBE,DAM,+2,FM,
MADA STATION,NASARAWA,LAF,+1,FD,Abuja Hub
MADAGALI,ADAMAWA,YOL,+2,FO,Yola Hub
MAFA,BORNO,MIU,+1,FZ6,Maiduguri Hub
MAFARA,ZAMFARA,GUS,+1,FD,Gusau Hub
MAFOLUKU,LAGOS,LOS,0,DIRECT,Lagos Hub
MAGAMA,KATSINA,KAS,+1,FD,Kano Hub
MAGBON,LAGOS,LOS,0,DIRECT,Lagos Hub
MAIDUGURI,BORNO,MIU,0,DIRECT,Maiduguri Hub
MAIGAMA,KADUNA,KAD,+1,FC,Kaduna Hub
MAIGATARI,JIGAWA,DUT,+1,FE,Kano Hub
MAIKAFO,GOMBE,GOM,+2,FE,Gombe Hub
MAINA REWO,TARABA,JAL,+1,FD,
MAIRIGA,NIGER,MNA,+2,FE,Minna Hub
MAISAMARI,TARABA,JAL,+3,FT,
MAITAMA,FCT,ABV,0,DIRECT,Abuja Hub
MAITUMBI,NIGER,MNA,0,FA,Minna Hub
MAIYAMA,KEBBI,BKK,+1,FZ2,
MAJE,NIGER,MNA,0,FA,Minna Hub
MAKARFI,KADUNA,KAD,+1,FD,Kaduna Hub
MAKERA,KADUNA,KAD,0,DIRECT,Kaduna Hub
MAKINDE,ONDO,AKR,+3,FE,Akure Hub
MAKOKO,LAGOS,LOS,0,DIRECT,Lagos Hub
MALADOWA,KATSINA,KAS,+1,FE,Kano Hub
MALAFATORI,BORNO,MIU,+1,FZ6,Maiduguri Hub
MALALI ,KADUNA,KAD,0,DIRECT,Kaduna Hub
MALAM MADURI,JIGAWA,DUT,+1,FD,Kano Hub
MALAM SIDI,GOMBE,GOM,+1,FD,Gombe Hub
MALAMADORI,KANO,KAN,+2,FE,Kano Hub
MALUMFASHI,KADUNA,KAD,+1,FZ2,Kaduna Hub
MALUMFASHI,KATSINA,KAS,+1,FZ2,Kano Hub
MAMUDO,YOBE,DAM,+1,FC,
MANCHOCK,KADUNA,KAD,+2,FH,Kaduna Hub
MANDO,KADUNA,KAD,0,DIRECT,Kaduna Hub
MANFE,CROSS RIVER,CBQ,+3,FE,Calabar Hub
MANGU,PLATEAU,JOS,+1,FE,Jos Hub
MANI,KATSINA,KAS,+1,FE,Kano Hub
MARADUN,ZAMFARA,GUS,+1,FE,Gusau Hub
MARARABA,NASARAWA,LAF,0,FB,Abuja Hub
MARARABA,PLATEAU,JOS,+1,FB,Jos Hub
MARARABA KUNINI,TARABA,JAL,+1,FD,
MARARBA,FCT,ABV,0,FB,Abuja Hub
MARINA,LAGOS,LAS,0,DIRECT,Lagos Hub
MARU,ZAMFARA,GUS,+1,FC,Gusau Hub
MARYLAND,LAGOS,LOS,0,DIRECT,Lagos Hub
MASAKA,FCT,ABV,0,FB,Abuja Hub
MASHEGU,NIGER,MNA,+2,FI,Minna Hub
MASHI,KATSINA,KAS,+1,FD,Kano Hub
MATAZU,KATSINA,KAS,+1,FE,Kano Hub
MAYO LOPE ,TARABA,JAL,+1,FD,
MAYOBELUWA,ADAMAWA,YOL,+1,FD,Yola Hub
MBAISE (OTHERS),IMO,ORI,+1,FD,Owerri Hub
MBAITOLI,IMO,ORI,0,FB,Owerri Hub
MBALANO,ABIA,ABA,+1,FD,Aba Hub
MBANO,IMO,ORI,+1,FC,Owerri Hub
MBAUKWU (AWKA),ANAMBRA,ONA,+1,FD,Onitsha Hub
MBAWSI,ABIA,ABA,+1,FC,Aba Hub
MBIAMA,BAYELSA,YEN,+2,FE,PH Hub
MBIERI,IMO,ORI,0,FB,Owerri Hub
MBO,AKWA IBOM,UYO,+2,FE,Uyo Hub
MBU,ENUGU,ENU,+1,FH,Enugu Hub
MBUBO,ABIA,ABA,+1,FC,Aba Hub
MEIN/OYIAKIRI,BAYELSA,YEN,+3,FT,PH Hub
MENDE,LAGOS,LOS,0,DIRECT,Lagos Hub
MGBAKWU,ANAMBRA,ONA,+2,FE,Onitsha Hub
MGBEE,IMO,ORI,+1,FC,Owerri Hub
MGBIDI,IMO,ORI,+1,FC,Owerri Hub
MGBOKO,ABIA,ABA,1,FC,Aba Hub
MGBOWO,ENUGU,ENU,+1,FD,Enugu Hub
MIANGO,PLATEAU,JOS,+1,FE,Jos Hub
MICHKA,ADAMAWA,YOL,+1,FJ,Yola Hub
MINJIBIR,KANO,KAN,+1,FD,Kano Hub
MINNA,NIGER,MNA,0,DIRECT,Minna Hub
MISAU,BAUCHI,BAU,+1,FE,Bauchi Hub
MISTALI VILLAGE,PLATEAU,JOS,+1,FC,Jos Hub
MIYA,BAUCHI,BAU,+1,FD,Bauchi Hub
MIYENCHI,ZAMFARA,GUS,+1,FD,Gusau Hub
MKPANI-UGEP,CROSS RIVER,CBQ,+1,FE,Calabar Hub
MKPATENIN,AKWA IBOM,UYO,+1,FE,Uyo Hub
MMAKU,ENUGU,ENU,+1,FE,Enugu Hub
MMIATA,ANAMBRA,ONA,+2,FH,Onitsha Hub
MODAKEKE,OSUN,OSG,0,FA,Osogbo Hub
MOKOLA,OYO,IBA,0,DIRECT,Ibadan Hub
MOKWA,KWARA,ILR,+1,FZ2,Ilorin Hub
MOKWA,NIGER,MNA,+2,FE,Minna Hub
MOLETE,OYO,IBA,0,DIRECT,Ibadan Hub
MONGUNO,BORNO,MIU,+1,FD,Maiduguri Hub
MONIYA,OYO,IBA,0,DIRECT,Ibadan Hub
MONKI,TARABA,JAL,+2,FZ2,
MONYA,OYO,IBA,+1,FE,Ibadan Hub
MOPA,KWARA,ILR,+2,FZ3,Ilorin Hub
MOROA,NASARAWA,LAF,+1,FE,Abuja Hub
MOSIMI,OGUN,ABK,+1,FD,Abeokuta Hub
MOSOGAR,DELTA,WRI,+1,FB,Warri Hub
MOWE,OGUN,ABK,+1,FC,Abeokuta Hub
MPU,ENUGU,ENU,+1,FH,Enugu Hub
MPUTU,ANAMBRA,ONA,+2,FH,Onitsha Hub
MUBI NORTH,ADAMAWA,YOL,+1,FH,Yola Hub
MUBI SOUTH,ADAMAWA,YOL,+1,FI,Yola Hub
MUSAWA,KATSINA,KAS,+1,FE,Kano Hub
MUSHIN,LAGOS,LOS,0,DIRECT,Lagos Hub
MUTUM BIU,TARABA,JAL,+1,FD,
N.N.P.C (DEPOT),ADAMAWA,YOL,0,FA,Yola Hub
NABORDO,BAUCHI,BAU,+1,FD,Bauchi Hub
NACHI,ENUGU,ENU,+1,FD,Enugu Hub
NADO,ANAMBRA,ONA,+2,FD,Onitsha Hub
NAFORIJA,LAGOS,LAS,+1,FF,Lagos Hub
NANKA,ANAMBRA,ONA,+2,FD,Onitsha Hub
NANKA-AWKA,ENUGU,ENU,+1,FE,Enugu Hub
NARA UNATEZE,ENUGU,ENU,+1,FE,Enugu Hub
NARAGUTA,PLATEAU,JOS,+1,FA,Jos Hub
NASKO,NIGER,MNA,+3,FM,Minna Hub
NASARAWA,KANO,KAN,0,DIRECT,Kano Hub
NASARAWA,NASARAWA,LAF,+1,FD,Abuja Hub
NASARAWA EGON,NASARAWA,LAF,+1,FB,Abuja Hub
NASARAWA TOTO,NASARAWA,LAF,+1,FZ1,Abuja Hub
NASSU,PLATEAU,JOS,1,FE,Jos Hub
NATADA,GOMBE,GOM,+2,FZ8,Gombe Hub
NAWFIA,ANAMBRA,ONA,+2,FD,Onitsha Hub
NAWGU,ANAMBRA,ONA,+1,FD,Onitsha Hub
NAZE,IMO,ORI,0,FA,Owerri Hub
NCHIA,RIVERS,PHC,0,DIRECT,PH Hub
NDELE,RIVERS,PHC,+1,FD,PH Hub
NDI OLUMBE,ABIA,ABA,+1,FD,Aba Hub
NDI-AKATA,ABIA,ABA,+1,FC,Aba Hub
NDIEEGORO,ABIA,ABA,+1,FB,Aba Hub
NDIKELIONWU,ANAMBRA,ONA,+1,FD,Onitsha Hub
NDIOKPALA-EZE,ANAMBRA,ONA,+1,FB,Onitsha Hub
NDIONWU,ANAMBRA,ONA,+1,FD,Onitsha Hub
NDOKI,RIVERS,PHC,+1,FE,PH Hub
NDON EBOM,AKWA IBOM,UYO,+1,FC,Uyo Hub
NDONUDUE,AKWA IBOM,UYO,+1,FA,Uyo Hub
NEKEDE,IMO,ORI,0,FA,Owerri Hub
NEMBE WEST/EAST,BAYELSA,YEN,+2,FR,PH Hub
NENGERE,YOBE,DAM,+1,FZ3,
NENI,ANAMBRA,ONA,+1,FC,Onitsha Hub
NENU,ABIA,ABA,+1,FD,Aba Hub
NEW BUSSA,KWARA,ILR,+2,FZ5,Ilorin Hub
NGALA,BORNO,MIU,+1,FH,Maiduguri Hub
NGASKI,KEBBI,BKK,+2,FZ5,
NGBO EAST,EBONYI,AKK,+1,FC,Enugu Hub
NGBOLOKWU,ANAMBRA,ONA,+2,FB,Onitsha Hub
NGEZERMA,YOBE,DAM,+1,FD,
NGOREJE,TARABA,JAL,+3,FT,
NGOR-OKPALA,IMO,ORI,+1,FC,Owerri Hub
NGURORE AFCOTT,ADAMAWA,YOL,0,FC,Yola Hub
NGURU,BORNO,KAN,+1,FD,Maiduguri Hub
NGURU,KANO,KAN,+2,FE,Kano Hub
NGURU,YOBE,DAM,+2,FM,
NGURU MBAISE,IMO,ORI,+1,FC,Owerri Hub
NGUZU EDDA,EBONYI,AKK,+2,FZ7,Enugu Hub
NGWO,ENUGU,ENU,0,FB,Enugu Hub
NIBO,ANAMBRA,ONA,+1,FD,Onitsha Hub
NIFOR,EDO,BNI,+1,FD,Benin Hub
NIKE,ENUGU,ENU,0,FB,Enugu Hub
NIMO,ANAMBRA,ONA,+2,FD,Onitsha Hub
NINGI,BAUCHI,BAU,+1,FZ2,Bauchi Hub
NINTH MILE,ENUGU,ENU,0,FB,Enugu Hub
NISE,ANAMBRA,ONA,+1,FD,Onitsha Hub
NJAJIMAJI,YOBE,DAM,+2,FM,
NJODO-NIKE,ENUGU,ENU,0,FB,Enugu Hub
NKALAGU,EBONYI,AKK,+1,FG,Enugu Hub
NKALAGU,ENUGU,ENU,+1,FG,Enugu Hub
NKAN UDE,AKWA IBOM,UYO,+1,FC,Uyo Hub
NKANU,ENUGU,ENU,+1,FD,Enugu Hub
NKANU,GOMBE,GOM,+1,FD,Gombe Hub
NKO-UGEP,CROSS RIVER,CBQ,+1,FE,Calabar Hub
NKPANI,CROSS RIVER,CBQ,+1,FE,Calabar Hub
NKPOLOGU,ANAMBRA,ONA,+1,FD,Onitsha Hub
NKPOLOGWU,ENUGU,ENU,+1,FH,Enugu Hub
NKPOR,ANAMBRA,ONA,+1,FB,Onitsha Hub
NKPOR-AGU,ANAMBRA,ONA,+1,FB,Onitsha Hub
NKWELE-EZUNAKA,ANAMBRA,ONA,+1,FC,Onitsha Hub
NKWELE-OGIDIKA,ANAMBRA,ONA,+1,FD,Onitsha Hub
NKWERRE,IMO,ORI,+1,FC,Owerri Hub
NKWO EGU,EBONYI,AKK,+1,FC,Enugu Hub
NNENWE,ENUGU,ENU,+1,FE,Enugu Hub
NNEOKWA,ANAMBRA,ONA,+1,FB,Onitsha Hub
NNEWI,ANAMBRA,ONA,0,DIRECT,Onitsha Hub
NNOBI,ANAMBRA,ONA,0,FA,Onitsha Hub
NNPC DEPOT,PLATEAU,JOS,+1,FC,Jos Hub
NNPC/PPMC,KWARA,ILR,0,FA,Ilorin Hub
NO MAN'S LAND,KANO,KAN,0,DIRECT,Kano Hub
NONWA,RIVERS,PHC,+1,FE,PH Hub
NRI,ANAMBRA,ONA,+2,FD,Onitsha Hub
NSIT ATAI,AKWA IBOM,UYO,+1,FC,Uyo Hub
NSIT IBOM,AKWA IBOM,UYO,+1,FD,Uyo Hub
NSIT UBIUM,AKWA IBOM,UYO,+1,FC,Uyo Hub
NSUGBE,ANAMBRA,ONA,+1,FC,Onitsha Hub
NSUKKA,ENUGU,ENU,+1,FE,Enugu Hub
NSUKWA,DELTA,WRI,+2,FF,Warri Hub
NTEJE,ANAMBRA,ONA,+1,FC,Onitsha Hub
NTIGHA,ABIA,ABA,+1,FD,Aba Hub
NTUNG UDE,AKWA IBOM,UYO,+1,FB,Uyo Hub
NUMAN,ADAMAWA,YOL,0,FC,Yola Hub
NWAORIEUBI,IMO,ORI,+1,FB,Owerri Hub
NYANYAN,FCT,ABV,0,FB,Abuja Hub
OBA,ANAMBRA,ONA,+1,FC,Onitsha Hub
OBAFE OWODE,OGUN,ABK,+1,FD,Abeokuta Hub
OBAGIE,EDO,BNI,+1,FD,Benin Hub
OBAJANA,KOGI,LKJ,+1,FE,
OBALENDE,LAGOS,LAS,0,DIRECT,Lagos Hub
OBAN,CROSS RIVER,CBQ,+1,FE,Calabar Hub
OBANGEDE,KOGI,LKJ,+1,FE,
OBANIKORO,LAGOS,LOS,0,DIRECT,Lagos Hub
OBANLIKU LGA,CROSS RIVER,CBQ,+3,FS,Calabar Hub
OBARETIN,EDO,BNI,+1,FD,Benin Hub
OBAYANTOR,EDO,BNI,+1,FD,Benin Hub
OBBO AIYEGULE,KWARA,ILR,+1,FZ2,Ilorin Hub
OBE,ENUGU,ENU,+1,FC,Enugu Hub
OBEHIE,ABIA,ABA,+1,FC,Aba Hub
OBELEDU,ANAMBRA,ONA,+2,FE,Onitsha Hub
OBI,NASARAWA,LAF,+1,FD,Abuja Hub
OBIANGWU,IMO,ORI,+1,FC,Owerri Hub
OBIARUKU,DELTA,WRI,+1,FD,Warri Hub
OBIARUKU AMAI,DELTA,WRI,+1,FE,Warri Hub
OBIBI-EZENA,IMO,ORI,+1,FC,Owerri Hub
OBIGBO,RIVERS,PHC,+1,FD,PH Hub
OBILUBI,IMO,ORI,+1,FB,Owerri Hub
OBINAGU,ENUGU,ENU,+1,FD,Enugu Hub
OBINZE,IMO,ORI,0,FB,Owerri Hub
OBIOMA NGWA,ABIA,ABA,+1,FB,Aba Hub
OBIOR,DELTA,WRI,+1,FE,Warri Hub
OBIOZARA,EBONYI,AKK,+2,FM,Enugu Hub
OBODOUKWU IDEATO,IMO,ORI,+2,FD,Owerri Hub
OBOLLO-AFOR,ENUGU,ENU,+1,FE,Enugu Hub
OBORO,ABIA,ABA,+1,FC,Aba Hub
OBOSI,ANAMBRA,ONA,+1,FB,Onitsha Hub
OBOT AKARA,AKWA IBOM,UYO,+2,FE,Uyo Hub
OBOT IDEM,AKWA IBOM,UYO,+1,FB,Uyo Hub
OBOWO,IMO,ORI,+1,FC,Owerri Hub
OBUBA,ABIA,ABA,+1,FD,Aba Hub
OBUBURA,CROSS RIVER,CBQ,+1,FH,Calabar Hub
"OBUDU, RANCH",CROSS RIVER,CBQ,+2,FZ11,Calabar Hub
OCHECHE UMUODU,ANAMBRA,ONA,+2,FE,Onitsha Hub
ODE OMU,OYO,IBA,+1,FE,Ibadan Hub
ODE REMO,OGUN,ABK,+1,FD,Abeokuta Hub
ODE-AYE,ONDO,AKR,+3,FE,Akure Hub
ODEDA,OGUN,ABK,+1,FC,Abeokuta Hub
ODE-IRELE,ONDO,AKR,+3,FE,Akure Hub
ODEKPE,ANAMBRA,ONA,+2,FC,Onitsha Hub
ODI,BAYELSA,YEN,+1,FH,PH Hub
ODO-ERE,KWARA,ILR,+2,FZ2,Ilorin Hub
ODOMOLA,LAGOS,LAS,+1,FZ2,Lagos Hub
ODOT,AKWA IBOM,UYO,+1,FE,Uyo Hub
ODUKPANI,CROSS RIVER,CBQ,0,FD,Calabar Hub
OFEME,ABIA,ABA,+1,FB,Aba Hub
OFFA,KWARA,ILR,0, DIRECT,Ilorin Hub
OFUAGBE,DELTA,WRI,+2,FE,Warri Hub
OFUMA,ANAMBRA,ONA,+2,FC,Onitsha Hub
OGAN,EDO,BNI,+1,FD,Benin Hub
OGBA,LAGOS,LOS,0,DIRECT,Lagos Hub
OGBAGI,ONDO,AKR,+3,FE,Akure Hub
OGBAKIRI,RIVERS,PHC,+1,FE,PH Hub
OGBAKU,IMO,ORI,0,FB,Owerri Hub
OGBAKUBA,ANAMBRA,ONA,+2,FE,Onitsha Hub
OGBESE,EDO,BNI,+2,FZ2,Benin Hub
OGBIA CENTRAL/WEST,BAYELSA,YEN,+1,FZ6,PH Hub
OGBOGORO,RIVERS,PHC,+1,FC,PH Hub
OGBOJI,ANAMBRA,ONA,+2,FC,Onitsha Hub
OGBOLI,ENUGU,ENU,+1,FH,Enugu Hub
OGBOMOSHO,OYO,IBA,0,FE,Ibadan Hub
OGBONI SOUTH,BAYELSA,YEN,+2,FM,PH Hub
OGBONI/NORTH BISENI,BAYELSA,YEN,+2,FM,PH Hub
OGBUERURU,IMO,ORI,+1,FC,Owerri Hub
OGBUNIKE,ANAMBRA,ONA,+1,FC,Onitsha Hub
OGERE,OGUN,ABK,+1,FC,Abeokuta Hub
OGERE REMO,OGUN,ABK,+1,FD,Abeokuta Hub
OGHARA,DELTA,WRI,+1,FB,Warri Hub
OGHARAFE,DELTA,WRI,+1,FB,Warri Hub
OGHAREKI,DELTA,WRI,+1,FB,Warri Hub
OGHE,ENUGU,ENU,+1,FC,Enugu Hub
OGIDI,ANAMBRA,ONA,+1,FB,Onitsha Hub
OGOJA,CROSS RIVER,CBQ,+2,FJ,Calabar Hub
OGORI,KOGI,LKJ,+2,FE,
OGORODE,DELTA,WRI,0,DIRECT,Warri Hub
OGOTUN,ONDO,AKR,+3,FE,Akure Hub
OGU/BOLO,RIVERS,PHC,+1,FE,PH Hub
OGUDU,LAGOS,LOS,0,DIRECT,Lagos Hub
OGUGU,KOGI,LKJ,+2,FZ5,
OGUNMAKIN,OGUN,ABK,+1,FE,Abeokuta Hub
OGUTA,IMO,ORI,+1,FC,Owerri Hub
OGUTA ISLAND,IMO,ORI,+1,FC,Owerri Hub
OGWA,EDO,BNI,+2,FE,Benin Hub
OHAFIA,ABIA,ABA,+2,FC,Aba Hub
OHAI,IMO,ORI,0,FD,Owerri Hub
OHAOZARA,ABIA,ABA,+2,FE,Aba Hub
OHITA,ANAMBRA,ONA,+2,FE,Onitsha Hub
OHUHU,ABIA,ABA,+1,FB,Aba Hub
OHUHU NSULU,ABIA,ABA,+2,FZ2,Aba Hub
OJI RIVER,ENUGU,ENU,+1,FE,Enugu Hub
OJO,LAGOS,LOS,0,DIRECT,Lagos Hub
OJODU,LAGOS,LOS,0,DIRECT,Lagos Hub
OJOTA,LAGOS,LOS,0,DIRECT,Lagos Hub
OJOTO OFIA,ANAMBRA,ONA,0,FB,Onitsha Hub
OKA AKOKO,ONDO,AKR,+3,FE,Akure Hub
OKADA,EDO,BNI,+1,FE,Benin Hub
OKBO ,AKWA IBOM,UYO,+1,FA,Uyo Hub
OKE AGBE,ONDO,AKR,+3,FE,Akure Hub
OKE IGOSUN,KWARA,ILR,+1,FD,Ilorin Hub
OKE IHO,OYO,IBA,+1,FE,Ibadan Hub
OKE ODAN ROAD,OGUN,ABK,+1,FD,Abeokuta Hub
OKE -OYI,KWARA,ILR,+1,FB,Ilorin Hub
OKEGWE,KOGI,LKJ,+1,FE,
OKE-IRA,LAGOS,LOS,0,DIRECT,Lagos Hub
OKEIRANLA,LAGOS,LAS,0,FC,Lagos Hub
OKENE,KOGI,LKJ,+1,FE,
OKE-ODO,LAGOS,LOS,0,DIRECT,Lagos Hub
OKE-ONIGBIN,KWARA,ILR,+1,FE,Ilorin Hub
OKIGWE,IMO,ORI,+1,FC,Owerri Hub
OKIJA,ANAMBRA,ONA,+1,FC,Onitsha Hub
OKIRIKA TOWN,RIVERS,PHC,+1,FE,PH Hub
OKITIPUPA,ONDO,AKR,+3,FE,Akure Hub
OKO,ANAMBRA,ONA,+1,FC,Onitsha Hub
OKO,KWARA,ILR,+1,FE,Ilorin Hub
OKOBO,AKWA IBOM,UYO,+1,FD,Uyo Hub
OKODIA/BESENT,BAYELSA,YEN,+1,FH,PH Hub
OKOFIA-OTOLO,ANAMBRA,ONA,+1,FA,Onitsha Hub
OKOGBE,RIVERS,PHC,+2,FE,PH Hub
OKOITAH,AKWA IBOM,UYO,+1,FD,Uyo Hub
OKOLOBIRI,BAYELSA,YEN,+2,FE,PH Hub
OKOLOCHI,IMO,ORI,+1,FC,Owerri Hub
OKOMU,EDO,BNI,+3,FZ2,Benin Hub
OKOROMA,BAYELSA,YEN,+2,FT,PH Hub
OKPALA,ABIA,ABA,+1,FB,Aba Hub
OKPANAM,DELTA,WRI,+1,FC,Warri Hub
OKPARA INLAND,DELTA,WRI,+1,FC,Warri Hub
OKPARA WATERSIDE,DELTA,WRI,+1,FC,Warri Hub
OKPE,EDO,BNI,+3,FZ2,Benin Hub
OKPILLA,EDO,BNI,+3,FH,Benin Hub
OKPO,ENUGU,ENU,+1,FE,Enugu Hub
OKPO,KOGI,LKJ,+2,FZ5,
OKPOMA,CROSS RIVER,CBQ,+2,FE,Calabar Hub
OKPORO,IMO,ORI,+1,FC,Owerri Hub
OKPUALA NGWA,ABIA,ABA,+1,FD,Aba Hub
OKU IBOKU,AKWA IBOM,UYO,+1,FD,Uyo Hub
OKUKU,OSUN,OSG,0,FC,Osogbo Hub
OKUMODU,EDO,BNI,+1,FZ2,Benin Hub
OKWAGBE,DELTA,WRI,+2,FE,Warri Hub
OKWE,DELTA,WRI,+1,FC,Warri Hub
OKWELLE,IMO,ORI,+1,FC,Owerri Hub
OKWUDOR ORLU,IMO,ORI,+1,FC,Owerri Hub
OLD CITY,KANO,KAN,0,DIRECT,Kano Hub
OLEH,DELTA,WRI,+2,FD,Warri Hub
OLODIAMA,BAYELSA,YEN,+2,FR,PH Hub
OLODI-APAPA,LAGOS,LOS,0,DIRECT,Lagos Hub
OLODO KILA,OGUN,ABK,+1,FD,Abeokuta Hub
OLOGBO,EDO,BNI,+1,FD,Benin Hub
OLOIBIRI,BAYELSA,YEN,+2,FH,PH Hub
OLOKORO,ABIA,ABA,+1,FA,Aba Hub
OLOKWU,IMO,ORI,+1,FB,Owerri Hub
OLOWORA,LAGOS,LOS,0,DIRECT,Lagos Hub
OLUKU,EDO,BNI,+1,FC,Benin Hub
OLUTE,LAGOS,LOS,0,DIRECT,Lagos Hub
OMAGWA,RIVERS,PHC,+1,FC,PH Hub
OMI ADIO,OYO,IBA,+1,FC,Ibadan Hub
OMOBA,ABIA,ABA,+2,FD,Aba Hub
OMOGHO,ANAMBRA,ONA,+2,FD,Onitsha Hub
OMOKU,RIVERS,PHC,+1,FE,PH Hub
OMOKU EBOCHA,RIVERS,PHC,+1,FH,PH Hub
OMOR,ANAMBRA,ONA,+2,FE,Onitsha Hub
OMU-ARAN,KWARA,ILR,+1,FE,Ilorin Hub
OMUMA,RIVERS,PHC,+1,FH,PH Hub
OMUOZU,IMO,ORI,+1,FC,Owerri Hub
OMUPO,KWARA,ILR,+1,FC,Ilorin Hub
ONDO TOWN,ONDO,AKR,+1,FD,Akure Hub
ONICHA LGA,ABIA,ABA,+2,FE,Aba Hub
ONICHA NGWA,ABIA,ABA,0,FB,Aba Hub
ONICHA OLONA,DELTA,WRI,+2,FE,Warri Hub
ONICHA UGBO,DELTA,WRI,+1,FE,Warri Hub
ONICSA UKU,DELTA,WRI,+2,FE,Warri Hub
ONIKAN,LAGOS,LAS,0,DIRECT,Lagos Hub
ONIKE,LAGOS,LOS,0,DIRECT,Lagos Hub
ONIPANU,LAGOS,LOS,0,DIRECT,Lagos Hub
ONITSHA,ANAMBRA,ONA,0,DIRECT,Onitsha Hub
ONNA,AKWA IBOM,UYO,+2,FC,Uyo Hub
ONNE,RIVERS,PHC,+1,FD,PH Hub
ONUEBONYI,EBONYI,AKK,+1,FE,Enugu Hub
ONUEKE,EBONYI,AKK,+1,FC,Enugu Hub
ONUNWEKE,EBONYI,AKK,+2,FE,Enugu Hub
OPANDA,ENUGU,ENU,+1,FH,Enugu Hub
OPI,ENUGU,ENU,+1,FE,Enugu Hub
OPOBO,RIVERS,PHC,+2,FZ6,PH Hub
OPOJI,EDO,BNI,+1,FD,Benin Hub
OPOKUMA,BAYELSA,YEN,+2,FH,PH Hub
OPOROMA,BAYELSA,YEN,+2,FM,PH Hub
OPUOKEDE,BAYELSA,YEN,+3,FT,PH Hub
ORAERI,ANAMBRA,ONA,+1,FC,Onitsha Hub
ORAIFITE,ANAMBRA,ONA,+1,FC,Onitsha Hub
ORAUKWU,ANAMBRA,ONA,+1,FC,Onitsha Hub
ORE,ONDO,AKR,+2,FE,Akure Hub
ORE ROKPE,DELTA,WRI,+1,FC,Warri Hub
OREGUN,LAGOS,LOS,0,DIRECT,Lagos Hub
ORIAGU MBANO NSU,IMO,ORI,+2,FD,Owerri Hub
ORILE IGANMU,LAGOS,LOS,0,DIRECT,Lagos Hub
ORIN EKITI,ONDO,AKR,+3,FE,Akure Hub
ORLU,IMO,ORI,+1,FC,Owerri Hub
ORO,KWARA,ILR,+1,FD,Ilorin Hub
ORODO,IMO,ORI,+1,FC,Owerri Hub
OROGUN,DELTA,WRI,+2,FE,Warri Hub
OROGWE,IMO,ORI,0,FB,Owerri Hub
OROMA ETITI,ANAMBRA,ONA,+2,FE,Onitsha Hub
ORON,AKWA IBOM,UYO,+1,FD,Uyo Hub
ORU,OGUN,ABK,+1,FE,Abeokuta Hub
ORU OFFONG URUKO,AKWA IBOM,UYO,+2,FE,Uyo Hub
OSAMALE,ANAMBRA,ONA,+2,FH,Onitsha Hub
OSHITA,ANAMBRA,ONA,+1,FD,Onitsha Hub
OSHODI,LAGOS,LOS,0,DIRECT,Lagos Hub
OSHOGBO,OSUN,OSG,0,DIRECT,Osogbo Hub
OSIELE,OGUN,ABK,0,DIRECT,Abeokuta Hub
OSISIOMA,ABIA,ABA,0,DIRECT,Aba Hub
OSOMALLA,ANAMBRA,ONA,+2,FH,Onitsha Hub
OSOSO,EDO,BNI,+3,FZ6,Benin Hub
OSU,OSUN,OSG,0,FA,Osogbo Hub
OSU IHITTE UKWA,IMO,ORI,+2,FD,Owerri Hub
OSUBI,DELTA,WRI,0,DIRECT,Warri Hub
OSUMENYI,ANAMBRA,ONA,0,FC,Onitsha Hub
OSUSU,ABIA,ABA,0,DIRECT,Aba Hub
OSUSU AMAUKWA,ABIA,ABA,+1,FC,Aba Hub
OTAN AYEGBANJU,OSUN,OSG,0,FC,Osogbo Hub
OTO,LAGOS,LOS,0,DIRECT,Lagos Hub
OTOLO,ANAMBRA,ONA,+1,FA,Onitsha Hub
OTTA,OGUN,ABK,0,DIRECT,Abeokuta Hub
OTTE,KWARA,ILR,+1,FB,Ilorin Hub
OTUJEREMI,DELTA,WRI,+2,FD,Warri Hub
OTUJEVWEN,DELTA,WRI,+2,FE,Warri Hub
OTUN EKITI,ONDO,AKR,+3,FE,Akure Hub
OTUO,EDO,BNI,+2,FZ4,Benin Hub
OTUOCHA,ANAMBRA,ONA,+1,FE,Onitsha Hub
OTUOGIDI,BAYELSA,YEN,+2,FM,PH Hub
OUT,OYO,IBA,+1,FE,Ibadan Hub
OVOM AMASAA,ABIA,ABA,+1,FD,Aba Hub
OWA AGBOR,DELTA,WRI,+1,FE,Warri Hub
OWA OYIBO,DELTA,WRI,+2,FG,Warri Hub
OWASHI-NKU,DELTA,WRI,+1,FC,Warri Hub
OWENA,ONDO,AKR,+1,FB,Akure Hub
OWEREZUKALA,ANAMBRA,ONA,+1,FD,Onitsha Hub
OWERINTA,ABIA,ABA,+1,FC,Aba Hub
OWERRI,IMO,ORI,0,DIRECT,Owerri Hub
OWERRI EBIRI,IMO,ORI,+1,FB,Owerri Hub
OWO,ONDO,AKR,+1,FD,Akure Hub
OWOAHIAFOR,ABIA,ABA,+2,FE,Aba Hub
OWODE EGBA,OGUN,ABK,+1,FD,Abeokuta Hub
OWODE EGBADO,OGUN,ABK,+1,FD,Abeokuta Hub
OWODE IBESE,OGUN,ABK,+1,FC,Abeokuta Hub
OWODE ITORI,OGUN,ABK,+1,FC,Abeokuta Hub
OWORONSHOKI,LAGOS,LOS,0,DIRECT,Lagos Hub
OYAN,OSUN,OSG,0,FD,Osogbo Hub
OYE EKITI,ONDO,AKR,+3,FE,Akure Hub
OYIGBO,RIVERS,PHC,+1,FC,PH Hub
OYINGBO,LAGOS,LOS,0,DIRECT,Lagos Hub
OYO ALAAFIN,OYO,IBA,0,FE,Ibadan Hub
OYO TOWN,OYO,IBA,0,FE,Ibadan Hub
OZALLA,ENUGU,ENU,+1,FE,Enugu Hub
OZORO,DELTA,WRI,+2,FD,Warri Hub
OZUBULU,ANAMBRA,ONA,+1,FB,Onitsha Hub
OZUITEM,ABIA,ABA,+1,FC,Aba Hub
OZUOBA,RIVERS,PHC,0,DIRECT,PH Hub
PAIKO,NIGER,MNA,0,FB,Minna Hub
PALM GROVE,LAGOS,LOS,0,DIRECT,Lagos Hub
PAMBEGUA,KADUNA,KAD,+1,FH,Kaduna Hub
PANDOGARI,NIGER,MNA,+2,FE,Minna Hub
PANKSHIN ,PLATEAU,JOS,+2,FE ,Jos Hub
PANYAM,PLATEAU,JOS,+1,FE,Jos Hub
PAPA AJAO,LAGOS,LOS,0,DIRECT,Lagos Hub
PAPA ASHAFA,LAGOS,LOS,0,DIRECT,Lagos Hub
PATANI,DELTA,WRI,+2,FE,Warri Hub
PATEGI,KWARA,ILR,+2,FZ3,Ilorin Hub
PEDRO,LAGOS,LOS,0,DIRECT,Lagos Hub
PINDIGA,GOMBE,GOM,+1,FE,Gombe Hub
POGO/NNPC DEPOT,NIGER,MNA,0,FB,Minna Hub
POJA,LAGOS,LAS,+1,FD,Lagos Hub
POKA,LAGOS,LAS,+1,FZ2,Lagos Hub
POLAKU,BAYELSA,YEN,+2,FM,PH Hub
POPULE,TARABA,JAL,+1,FD,
PORTHARCOURT,RIVERS,PHC,0,DIRECT,PH Hub
POTISKUM,YOBE,DAM,+1,FE,
QUANPAN,PLATEAU,JOS,+3,FZ3,Jos Hub
RABAH,SOKOTO,SKO,+1,FD,Sokoto Hub
RANO,KANO,KAN,+1,FD,Kano Hub
RAYFIELD,PLATEAU,JOS,+0,FA,Jos Hub
RIGACHIKUN ,KADUNA,KAD,0,DIRECT,Kaduna Hub
RIGASA,KADUNA,KAD,0,DIRECT,Kaduna Hub
RIJAU,NIGER,MNA,+3,FM,Minna Hub
RIMI,KATSINA,KAS,+1,FC,Kano Hub
RINGIM TOWN,JIGAWA,DUT,+1,FD,Kano Hub
RIYOM,PLATEAU,JOS,+1,FE,Jos Hub
ROCKHAVEN,PLATEAU,JOS,0,DIRECT,Jos Hub
ROGO,KANO,KAN,+1,FE,Kano Hub
RONI,JIGAWA,DUT,+1,FE,Kano Hub
RUBOCHI,FCT,ABV,+1,FD,Abuja Hub
RUKUBA,PLATEAU,JOS,+1,FC,Jos Hub
RUMUJI,RIVERS,PHC,+1,FD,PH Hub
RUMUOLUEMENI,RIVERS,PHC,0,DIRECT,PH Hub
SABAGREA,BAYELSA,YEN,+2,FM,PH Hub
SABO BIRNIN,SOKOTO,SKO,+2,FZ4,Sokoto Hub
SABO GIDA/TELLA,TARABA,JAL,+2,FZ5,
SABON GARI,KADUNA,KAD,0,DIRECT,Kaduna Hub
SABONDAGA,NIGER,MNA,+1,FC,Minna Hub
SABONGARI,KANO,KAN,0,DIRECT,Kano Hub
SABONGIDA ORA,EDO,BNI,+2,FE,Benin Hub
SABUWA,KATSINA,KAS,+1,FE,Kano Hub
SAFANA,KATSINA,KAS,+1,FE,Kano Hub
SAGAMU,OGUN,ABK,0,FB,Abeokuta Hub
SAGBAMA,BAYELSA,YEN,+1,FH,PH Hub
SAKABA,KEBBI,BKK,+2,FM,
SAKI,OYO,IBA,+1,FE,Ibadan Hub
SAKPONWA ,RIVERS,PHC,+1,FE,PH Hub
SAMARI KATAF,KADUNA,KAD,1,FZ2,Kaduna Hub
SAMARU ,KADUNA,KAD,0,DIRECT,Kaduna Hub
SAMINAKA,PLATEAU,JOS,+1,FH,Jos Hub
SANDAMU,KATSINA,KAS,+1,FE,Kano Hub
SANGO OTA,OGUN,ABK,0,DIRECT,Abeokuta Hub
SANGO TEDO,LAGOS,LAS,+1,FC,Lagos Hub
SAPELE,DELTA,WRI,0,DIRECT,Warri Hub
SARDAUNA,TARABA,JAL,+3,FT,
SARKIN PAWA ,KADUNA,KAD,+2,FH,Kaduna Hub
SARKINPAWA,NIGER,MNA,+1,FZ2,Minna Hub
SATELLITE TOWN,LAGOS,LOS,0,DIRECT,Lagos Hub
SAURO,KEBBI,BKK,0,FB,
SAVANNA,ADAMAWA,YOL,2,FD,Yola Hub
SAYE VILLAGE,KADUNA,KAD,1,FB,Kaduna Hub
SEME BORDER,LAGOS,LOS,+1,FZ2,Lagos Hub
SEPETERI,OYO,IBA,+1,FE,Ibadan Hub
SERTI,TARABA,JAL,+3,FZ6,
SERVTRUST,LAGOS,LAS,0,FA,Lagos Hub
SHAGARI,SOKOTO,SKO,+1,FD,Sokoto Hub
SHANGO,NIGER,MNA,0,FA,Minna Hub
SHANNI,BORNO,MIU,+2,FZ9,Maiduguri Hub
SHANONO,KANO,KAN,+1,FE,Kano Hub
SHAO,KWARA,ILR,+1,FB,Ilorin Hub
SHARE,KWARA,ILR,+1,FD,Ilorin Hub
SHARGALLE,KATSINA,KAS,+1,FD,Kano Hub
"SHARON, NYSC",EBONYI,AKK,+1,FC,Enugu Hub
SHEDA,FCT,ABV,0,FC,Abuja Hub
SHELLENG,ADAMAWA,YOL,+1,FM,Yola Hub
SHERE HILLS,PLATEAU,JOS,+1,FC,Jos Hub
SHIKA,KADUNA,KAD,1,FA,Kaduna Hub
SHIKA,KADUNA,KAD,+1,FC,Kaduna Hub
SHINGA,GOMBE,GOM,+1,FD,Gombe Hub
SHINKAFI,ZAMFARA,GUS,+1,FE,Gusau Hub
SHINKAFI ,KADUNA,KAD,1,FC,Kaduna Hub
SHINKAFI ,KADUNA,KAD,+1,FC,Kaduna Hub
SHIRA/YANA,BAUCHI,BAU,+1,FZ3,Bauchi Hub
SHIRORO DAM,NIGER,MNA,+1,FE,Minna Hub
SHOGUNLE,LAGOS,LOS,0,DIRECT,Lagos Hub
SHOMOLU,LAGOS,LOS,0,DIRECT,Lagos Hub
SHONGA,GOMBE,GOM,+2,FK,Gombe Hub
SHUNNI,SOKOTO,SKO,+1,FC,Sokoto Hub
SILAME,SOKOTO,SKO,+2,FE,Sokoto Hub
SOBE,EDO,BNI,+2,FZ2,Benin Hub
SOBE,ONDO,AKR,+3,FE,Akure Hub
SOIL CONSERVATION,LAGOS,LAS,0,FA,Lagos Hub
SOKOTO north/south,SOKOTO,SKO,0,DIRECT,Sokoto Hub
SONG,ADAMAWA,YOL,+1,FD,Yola Hub
SONGA,KWARA,ILR,+1,FD,Ilorin Hub
SORO,BAUCHI,BAU,+1,FD,Bauchi Hub
SOUTHERN IJAW,BAYELSA,YEN,+3,FR,PH Hub
SPG,LAGOS,LAS,0,FA,Lagos Hub
SUKANNI,TARABA,JAL,+1,FC,
SULEJA,NIGER,MNA,0,DIRECT,Minna Hub
SUMAILA,KANO,KAN,+1,FD,Kano Hub
SURU,KEBBI,BKK,+1,FG,
SURULERE,LAGOS,LOS,0,DIRECT,Lagos Hub
TAFAWA BALEWA,BAUCHI,BAU,+1,FD,Bauchi Hub
TAI,GOMBE,GOM,+1,FD,Gombe Hub
TAI,RIVERS,PHC,+2,FE,PH Hub
TAKUM,TARABA,JAL,+1,FZ6,
TAKUM,TARABA,JAL,+2,FZ7,
TALATA MAFARA,ZAMFARA,GUS,+1,FD,Gusau Hub
TALLASE,GOMBE,GOM,+2,FM,Gombe Hub
TAMBURAWA,KANO,KAN,+1,FB,Kano Hub
TAMUBAWAL,SOKOTO,SKO,+2,FE,Sokoto Hub
TANGAZA,SOKOTO,SKO,+2,FG,Sokoto Hub
TANGLANG,GOMBE,GOM,+1,FD,Gombe Hub
TAQWA BAY,LAGOS,LAS,+1,FC,Lagos Hub
TARAKIRI,BAYELSA,YEN,+2,FZ5,PH Hub
TARAUNI,KANO,KAN,0,DIRECT,Kano Hub
TEGINA,NIGER,MNA,+1,FE,Minna Hub
TELA,TARABA,JAL,+1,FZ5,
TEMU VILLAGE,LAGOS,LAS,+1,FZ2,Lagos Hub
TENTI,PLATEAU,JOS,+1,FE,Jos Hub
TIGA,KANO,KAN,+1,FC,Kano Hub
TINCAN ISLAND,LAGOS,LOS,0,DIRECT,Lagos Hub
TODI,GOMBE,GOM,+2,FE,Gombe Hub
TOMBIA,BAYELSA,YEN,+1,FE,PH Hub
TOMBIA (RIVERS STATE),RIVERS,PHC,+1,FE,PH Hub
TONGO,ADAMAWA,YOL,+1,FM,Yola Hub
TONGO,GOMBE,GOM,+1,FD,Gombe Hub
TOPO,LAGOS,LOS,0,FD,Lagos Hub
TORO,BAUCHI,BAU,+1,FD,Bauchi Hub
TORO,PLATEAU,JOS,+1,FE,Jos Hub
TRANS AMADI,RIVERS,PHC,0,DIRECT,PH Hub
TSAFE,ZAMFARA,GUS,+1,FC,Gusau Hub
TSANYAWA,KANO,KAN,+1,FD,Kano Hub
TUDUN FULANI,NIGER,MNA,0,FA,Minna Hub
TUDUN NUPAWA,KADUNA,KAD,0,DIRECT,Kaduna Hub
TUDUN WADA,KADUNA,KAD,0,DIRECT,Kaduna Hub
TUDUN WADA,KANO,KAN,+1,FE,Kano Hub
TUDUN WADA,PLATEAU,JOS,0,DIRECT,Jos Hub
TULA,GOMBE,GOM,+1,FE,Gombe Hub
TUMU,GOMBE,GOM,+1,FC,Gombe Hub
TUNGA,NASARAWA,LAF,+2,FZ2,Abuja Hub
TUNGA MAGAJIYA,NIGER,MNA,+3,FN,Minna Hub
TURE,GOMBE,GOM,+1,FE,Gombe Hub
TYRETA,SOKOTO,SKO,+1,FD,Sokoto Hub
UBAHA NSULU,ABIA,ABA,+1,FB,Aba Hub
UBEJI,DELTA,WRI,+1,FA,Warri Hub
UBIAJA,EDO,BNI,+2,FE,Benin Hub
UBIMA,RIVERS,PHC,+1,FD,PH Hub
UBOWO,LAGOS,LOS,0,DIRECT,Lagos Hub
UBULU,DELTA,WRI,+1,FD,Warri Hub
UBULU,DELTA,WRI,+1,FE,Warri Hub
UBULU,DELTA,WRI,+1,FE,Warri Hub
UBURU,ABIA,ABA,+2,FE,Aba Hub
UBURU,EBONYI,AKK,+2,FM,Enugu Hub
UDAH,ENUGU,ENU,+1,FE,Enugu Hub
UDAWA ,KADUNA,KAD,+2,FH,Kaduna Hub
UDI,ENUGU,ENU,+1,FD,Enugu Hub
UDI-ABIA,ENUGU,ENU,+1,FD,Enugu Hub
UFUMA,ANAMBRA,ONA,+1,FD,Onitsha Hub
UGA,ANAMBRA,ONA,+1,FC,Onitsha Hub
UGBEGUN,EDO,BNI,+2,FE,Benin Hub
UGEP LGA,CROSS RIVER,CBQ,+1,FZ2,Calabar Hub
UGEP-YAKURR,CROSS RIVER,CBQ,+1,FZ2,Calabar Hub
UGHELLI,DELTA,WRI,+1,FB,Warri Hub
UGWAWKA,ENUGU,ENU,+1,FE,Enugu Hub
UGWOGO-NIKE,ENUGU,ENU,0,FD,Enugu Hub
UGWU ALAO,KOGI,LKJ,+2,FZ5,
UGWU OBA,ANAMBRA,ONA,+2,FD,Onitsha Hub
UGWU-OBA,ENUGU,ENU,+1,FZ2,Enugu Hub
UKANAFUN,AKWA IBOM,UYO,+1,FE,Uyo Hub
UKE,NASARAWA,LAF,+1,FD,Abuja Hub
UKEHE,ENUGU,ENU,+1,FE,Enugu Hub
UKPAKIRI,ABIA,ABA,+1,FC,Aba Hub
UKPOM ABAK,AKWA IBOM,UYO,+1,FD,Uyo Hub
UKPOR,ANAMBRA,ONA,+1,FC,Onitsha Hub
UKPOR AKPU,ANAMBRA,ONA,+1,FC,Onitsha Hub
UKWA NDOKI,ABIA,ABA,+1,FD,Aba Hub
UKWA VILLAGE,ABIA,ABA,+1,FD,Aba Hub
UKWULU,ANAMBRA,ONA,+2,FD,Onitsha Hub
ULA,ANAMBRA,ONA,+1,FC,Onitsha Hub
ULAKWO,IMO,ORI,0,FB,Owerri Hub
ULI,ANAMBRA,ONA,+2,FD,Onitsha Hub
UMMULUMGBE,ENUGU,ENU,+1,FD,Enugu Hub
UMMULUMGBE,ENUGU,ENU,+1,FE,Enugu Hub
UMUABI,ENUGU,ENU,+1,FD,Enugu Hub
UMUAGWO,IMO,ORI,+1,FB,Owerri Hub
UMUAHIA,ABIA,ABA,0,DIRECT,Aba Hub
UMUAKA NJABA,IMO,ORI,+1,FB,Owerri Hub
UMUAKWU NSULU,ABIA,ABA,+1,FB,Aba Hub
UMUALA,ABIA,ABA,+2,FD,Aba Hub
UMUANUNU,ABIA,ABA,+2,FE,Aba Hub
UMUAWULU,ANAMBRA,ONA,+2,FH,Onitsha Hub
UMUCHU,ANAMBRA,ONA,+1,FE,Onitsha Hub
UMUDIKE,ABIA,ABA,+1,FA,Aba Hub
UMUDIM,ANAMBRA,ONA,0,DIRECT,Onitsha Hub
UMUDIOKA ORLU,IMO,ORI,+1,FC,Owerri Hub
UMUESHI,IMO,ORI,+1,FC,Owerri Hub
UMUEZE ANAM,ANAMBRA,ONA,+1,FH,Onitsha Hub
UMUEZE-EJEH,ENUGU,ENU,+1,FE,Enugu Hub
UMUGUMA,IMO,ORI,0,FA,Owerri Hub
UMUHUOKABIA ORLU,IMO,ORI,+1,FC,Owerri Hub
UMUIDA,ENUGU,ENU,+1,FG,Enugu Hub
UMUIKWU ANAM,ANAMBRA,ONA,+2,FH,Onitsha Hub
UMUITODO,ENUGU,ENU,+1,FE,Enugu Hub
UMULERI,ANAMBRA,ONA,+1,FE,Onitsha Hub
UMULOKPA,ENUGU,ENU,+1,FH,Enugu Hub
UMUNACHI,ANAMBRA,ONA,+1,FD,Onitsha Hub
UMUNACHI-NIKE,ENUGU,ENU,+1,FD,Enugu Hub
UMUNANKWO,ANAMBRA,ONA,+1,FD,Onitsha Hub
UMUNAYA / EXPRESS,ANAMBRA,ONA,+1,FB,Onitsha Hub
UMUNDUGBA ORLU,IMO,ORI,+1,FC,Owerri Hub
UMUNEDE,DELTA,WRI,+2,FE,Warri Hub
UMUNKO,ABIA,ABA,+1,FE,Aba Hub
UMUNKPEI,ABIA,ABA,+2,FE,Aba Hub
UMUNYA  VILLAGE,ANAMBRA,ONA,+1,FD,Onitsha Hub
UMUNZE,ANAMBRA,ONA,+2,FE,Onitsha Hub
UMUOBA I NGWA,ABIA,ABA,+2,FD,Aba Hub
UMUOBA OTUOCHA,ANAMBRA,ONA,+2,FH,Onitsha Hub
UMUOBASI NSULU,ABIA,ABA,+2,FE,Aba Hub
UMUODU,ABIA,ABA,+2,FD,Aba Hub
UMUOPARA,ABIA,ABA,+1,FA,Aba Hub
UMUOSU NSULU,ABIA,ABA,+1,FC,Aba Hub
UMUOWA (NGOR),IMO,ORI,+1,FC,Owerri Hub
UMUOWA ORLU,IMO,ORI,+1,FC,Owerri Hub
UMUTANZE ORLU,IMO,ORI,+1,FC,Owerri Hub
UMUZIKE ORLU,IMO,ORI,+1,FC,Owerri Hub
UNADU,ENUGU,ENU,+1,FG,Enugu Hub
UNGOGO,KANO,KAN,+1,FB,Kano Hub
UNGWAR DOSA,KADUNA,KAD,0,DIRECT,Kaduna Hub
UNGWAR GWARI,KADUNA,KAD,0,DIRECT,Kaduna Hub
UNGWAR KANAWA,KADUNA,KAD,0,DIRECT,Kaduna Hub
UNGWAR RIMI,KADUNA,KAD,0,DIRECT,Kaduna Hub
UNGWAR SHANU ,KADUNA,KAD,0,DIRECT,Kaduna Hub
UNGWAR SUNDAY,KADUNA,KAD,0,DIRECT,Kaduna Hub
UNGWAR T.V. ,KADUNA,KAD,0,DIRECT,Kaduna Hub
UNILORIN MAIN CAMPUS,KWARA,ILR,0,FA,Ilorin Hub
UNUBI,ANAMBRA,ONA,+2,FC,Onitsha Hub
URATTA,IMO,ORI,0,FA,Owerri Hub
URE UKO,AKWA IBOM,UYO,+1,FE,Uyo Hub
UROMI,EDO,BNI,+1,FE,Benin Hub
URUAGU,ANAMBRA,ONA,0,DIRECT,Onitsha Hub
URUALLA,IMO,ORI,+2,FC,Owerri Hub
URUAN,AKWA IBOM,UYO,+1,FC,Uyo Hub
USELU,EDO,BNI,0,DIRECT,Benin Hub
USEN,EDO,BNI,+2,FZ2,Benin Hub
USI EKITI,ONDO,AKR,+3,FE,Akure Hub
USSA,TARABA,JAL,+2,FZ8,
UTU,ANAMBRA,ONA,+2,FC,Onitsha Hub
UTURU,ABIA,ABA,+1,FD,Aba Hub
UVBE,EDO,BNI,+1,FD,Benin Hub
UWALOR,EDO,BNI,+2,FE,Benin Hub
UWANA (POLY),EBONYI,AKK,+1,FZ2,Enugu Hub
UWANA-AFIKPO,EBONYI,AKK,+1,FZ1,Enugu Hub
UYANGA,CROSS RIVER,CBQ,+1,FE,Calabar Hub
UYO,AKWA IBOM,UYO,0,DIRECT,Uyo Hub
UZO UWANI LGA,ENUGU,ENU,+1,FG,Enugu Hub
UZOAGBA,IMO,ORI,0,FC,Owerri Hub
UZUAKOLI,ABIA,ABA,0,FB,Aba Hub
VICTORIA GARDEN,LAGOS,LAS,0,FB,Lagos Hub
VICTORIA ISLAND,LAGOS,LAS,0,DIRECT,Lagos Hub
VOM,PLATEAU,JOS,+1,FC,Jos Hub
WAKA BIU,BORNO,MIU,+1,FH,Maiduguri Hub
WAMAKO,SOKOTO,SKO,+1,FD,Sokoto Hub
WAMBA,NASARAWA,LAF,+1,FE,Abuja Hub
WARJI,BAUCHI,BAU,+1,FD,Bauchi Hub
WARRAKE,EDO,BNI,+2,FI,Benin Hub
WARRI,DELTA,WRI,0,DIRECT,Warri Hub
WASIMI,OSUN,OSG,+1,FB,Osogbo Hub
WEPA WANO,EDO,BNI,+3,FZ6,Benin Hub
WUDIL,KANO,KAN,+1,FC,Kano Hub
WUKARI,TARABA,JAL,+1,FZ5,
WUKARI,TARABA,JAL,+2,FZ5,
WURNO,SOKOTO,SKO,+1,FD,Sokoto Hub
WUSASA,KADUNA,KAD,0,DIRECT,Kaduna Hub
WUSE,FCT,ABV,0,DIRECT,Abuja Hub
WUSE,NIGER,MNA,0,FA,Minna Hub
WUSHISHI,NIGER,MNA,+1,FD,Minna Hub
YABA,LAGOS,LOS,0,DIRECT,Lagos Hub
YABAA,FCT,ABV,+1,FD,Abuja Hub
YABO,KANO,KAN,+1,FB,Kano Hub
YABO,SOKOTO,SKO,+1,FD,Sokoto Hub
YADANKUNYA,KANO,KAN,+1,FB,Kano Hub
YAHE,CROSS RIVER,CBQ,+2,FZ9,Calabar Hub
YAKURR LGA,CROSS RIVER,CBQ,+1,FE,Calabar Hub
YALA,CROSS RIVER,CBQ,+2,FZ12,Calabar Hub
YANKARI,BAUCHI,BAU,+1,FD,Bauchi Hub
YANKWASHI,JIGAWA,DUT,+1,FE,Kano Hub
YELWA,BAUCHI,BAU,+1,FA,Bauchi Hub
YELWA YAURI,KEBBI,BKK,+2,FI,
YENAGOA,BAYELSA,YEN,0,DIRECT,PH Hub
YESSE,DELTA,WRI,+1,FB,Warri Hub
YEWA SHENDAM,PLATEAU,JOS,+2,FI,Jos Hub
YIDEBA,GOMBE,GOM,+1,FD,Gombe Hub
YIKPATA,KWARA,ILR,+1,FD,Ilorin Hub
YOKOKO,TARABA,JAL,+2,FZ2,
YORROW,TARABA,JAL,+1,FD,
YUSUFFARI,YOBE,DAM,+2,FE,
ZAGON KATAF,KADUNA,KAD,+2,FH,Kaduna Hub
ZAKI,BAUCHI,BAU,+1,FZ6,Bauchi Hub
ZAKIRAI,KANO,KAN,+1,FB,Kano Hub
ZAMBUK,GOMBE,GOM,+1,FM,Gombe Hub
ZANGODAURA,KATSINA,KAS,+1,FE,Kano Hub
ZARAMA,BAYELSA,YEN,+1,FH,PH Hub
ZARIA,KADUNA,KAD,0,DIRECT,Kaduna Hub
ZING,TARABA,JAL,+1,FD,
ZONKWA,KADUNA,KAD,+2,FH,Kaduna Hub
ZUBA,FCT,ABV,0,FB,Abuja Hub
ZUBA JUNCTION,NIGER,MNA,0,FB,Minna Hub
ZUNGERU,NIGER,MNA,+1,FC,Minna Hub
ZURMI,ZAMFARA,GUS,+1,FZ5,Gusau Hub
ZURU,KEBBI,BKK,+2,FZ6,